run	sra_spots	pairs_r1	pairs_r2	distinct_quals	r1	r1_md5	r2	r2_md5	status
SRR6231130	21478629	21478629	21478629	6	SRR6231130_1.fastq.gz	39bff3dcd8ea0ab6ab9d7141f8349ab1	SRR6231130_2.fastq.gz	0d51861e0864ad6ffa9c6556565591ca	PASS
SRR6231131	15474879	15474879	15474879	6	SRR6231131_1.fastq.gz	2e8509eb212ce1c17ad7107ef1c6f2ae	SRR6231131_2.fastq.gz	8ca984525c8b2bb49006f45962496808	PASS
SRR6231132	19123323	19123323	19123323	6	SRR6231132_1.fastq.gz	1a3a2b392ef45d790a7c3f5bc079f50e	SRR6231132_2.fastq.gz	7e1ebe1ccdc8ea8c6de23da540ecdff6	PASS
SRR6231133	18900974	18900974	18900974	6	SRR6231133_1.fastq.gz	f3686425f4c6561bb65b16a32c178fb0	SRR6231133_2.fastq.gz	2fab58c95621738fa3bb0f2a9f247d54	PASS
SRR6231134	21733888	21733888	21733888	6	SRR6231134_1.fastq.gz	a891dc449948849cc31318c72914e0f8	SRR6231134_2.fastq.gz	3e527624fffb395e90dbab0317379f13	PASS
SRR6231135	17976950	17976950	17976950	6	SRR6231135_1.fastq.gz	bbad66a8f1af8c4fb636b9143683b237	SRR6231135_2.fastq.gz	75c77ac4e7665e8e59b964611add59a0	PASS
SRR6231136	20304452	20304452	20304452	6	SRR6231136_1.fastq.gz	b0242b8ffc2b93e2e883370547368eb9	SRR6231136_2.fastq.gz	fc37395541a4a77a675d59036bb675d9	PASS
SRR6231137	15054835	15054835	15054835	6	SRR6231137_1.fastq.gz	21b456c7c65d59cba584b12ba1ea427f	SRR6231137_2.fastq.gz	54914ea1a86fdceb4e4450b5d7555978	PASS
SRR6231138	19372905	19372905	19372905	6	SRR6231138_1.fastq.gz	9c956e07450a18c1c8ed78be507bdce4	SRR6231138_2.fastq.gz	461e71228c891336f2f6e8b1a8401858	PASS
SRR6231139	22847347	22847347	22847347	6	SRR6231139_1.fastq.gz	e03b1a415fe4da4f56d8ff6295b0e211	SRR6231139_2.fastq.gz	02d97d29ceec37bea10ceefa39c4d76e	PASS
SRR6231140	29495353	29495353	29495353	6	SRR6231140_1.fastq.gz	ec9ad2918ab65e8c234ec60d2c5174d3	SRR6231140_2.fastq.gz	cab35cca26ea91f6f4d5e6d511fb1b7d	PASS
SRR6231141	24560486	24560486	24560486	6	SRR6231141_1.fastq.gz	9dd1dd5225705688eacf5564738a8504	SRR6231141_2.fastq.gz	ffdfea5fea97bf29a7c1fb259372e278	PASS
SRR6231142	16979645	16979645	16979645	6	SRR6231142_1.fastq.gz	11fd44f1ee523acb5102c695ad827ec3	SRR6231142_2.fastq.gz	23711b2246d5c5435979556520091f5f	PASS
SRR6231143	26707213	26707213	26707213	6	SRR6231143_1.fastq.gz	ef9f5ad33aee7c50a0d6d434b914f5bf	SRR6231143_2.fastq.gz	e3bb854639d1b813b9c97b5d8de9cb6f	PASS
SRR6231144	23887956	23887956	23887956	6	SRR6231144_1.fastq.gz	fc59eddc8813355527dd745659337bb4	SRR6231144_2.fastq.gz	0a9bc73968129af568562c292960bed2	PASS
SRR6231145	20117661	20117661	20117661	6	SRR6231145_1.fastq.gz	21db3db516cee9ff261d3ffb0eaacc13	SRR6231145_2.fastq.gz	58e8f0c286880f30917e9f22a8efbe1d	PASS
SRR6231146	18749618	18749618	18749618	6	SRR6231146_1.fastq.gz	cacc644ddef8273fb58b27fda6323a42	SRR6231146_2.fastq.gz	6e0cd4162de8e0cf85d778b23c1471cd	PASS
SRR6231147	25683932	25683932	25683932	6	SRR6231147_1.fastq.gz	44ad7d1f219ce092be3e60109eaf1630	SRR6231147_2.fastq.gz	deb14ca1503124dafcf30c1873e65b66	PASS
SRR6231148	21598290	21598290	21598290	6	SRR6231148_1.fastq.gz	84856367064fb9420ee01ff008e88453	SRR6231148_2.fastq.gz	04ac6c9f1e7968477f239cfb2000804b	PASS
SRR6231149	17726912	17726912	17726912	6	SRR6231149_1.fastq.gz	9d51def42c346492ec0f7e368d2f0dfe	SRR6231149_2.fastq.gz	151391518f77c61c8a30b04bc10ff9e6	PASS
SRR6231150	21530620	21530620	21530620	6	SRR6231150_1.fastq.gz	c19acd862656cf4874103f95f33ca6f0	SRR6231150_2.fastq.gz	9ae80b169ed0a70556fa6d52568ff58c	PASS
SRR6231151	18132206	18132206	18132206	6	SRR6231151_1.fastq.gz	35c0d1ded4689453017255beeed1d07b	SRR6231151_2.fastq.gz	d19785e452f053a48bbc23b02ce6f621	PASS
SRR6231152	23387276	23387276	23387276	6	SRR6231152_1.fastq.gz	3ac9d059b92e33b5eed539f35a5ea66b	SRR6231152_2.fastq.gz	bb9e1be0879b6d49ecb36622fb173fe0	PASS
SRR6231153	22978086	22978086	22978086	6	SRR6231153_1.fastq.gz	6b2ed56f80ed721d24320a833eb5b080	SRR6231153_2.fastq.gz	9c3898e6e0099f18ff5cf3da713c5fb9	PASS
SRR6231154	18110198	18110198	18110198	6	SRR6231154_1.fastq.gz	b9ac56283bbf72d62861a610f82449b9	SRR6231154_2.fastq.gz	95be31a3cda2a4b0ff88b991287b49fe	PASS
SRR6231155	17468274	17468274	17468274	6	SRR6231155_1.fastq.gz	567a6dd312e505205c86c6b288a6069c	SRR6231155_2.fastq.gz	0b4948ee8f96c6c25a2a5a868d649173	PASS
SRR6231156	16660225	16660225	16660225	6	SRR6231156_1.fastq.gz	9de691ea9ff3522b4284fec0bc013057	SRR6231156_2.fastq.gz	42fff02c50f58002fb7066c5eaa65ea0	PASS
SRR6231157	17271263	17271263	17271263	6	SRR6231157_1.fastq.gz	f1483d63243d9956ce170e539dc6d0e0	SRR6231157_2.fastq.gz	daf66a135a1b02d616b049fcbd5f36dd	PASS
SRR6231158	23416829	23416829	23416829	6	SRR6231158_1.fastq.gz	58318da250e710e10294f27c545f6b12	SRR6231158_2.fastq.gz	9217dda89703a19b248e0604287ed6f6	PASS
SRR6231159	18107708	18107708	18107708	6	SRR6231159_1.fastq.gz	c6d24de3988dfc20b41f5c83b2f1c3c8	SRR6231159_2.fastq.gz	de7168dec88d8b57670f494423a137fc	PASS
SRR6231160	23444058	23444058	23444058	6	SRR6231160_1.fastq.gz	9b8e9ca5cc580dc3a39c5394ba2709ce	SRR6231160_2.fastq.gz	7a2abdfcb2f4c85468ef2752d4bd1507	PASS
SRR6231161	28548903	28548903	28548903	6	SRR6231161_1.fastq.gz	7daaeff4eda57b2939bff95b008c5a34	SRR6231161_2.fastq.gz	7de6c2cd72b8899c4c0a8240ed2d7934	PASS
SRR6231162	19708298	19708298	19708298	6	SRR6231162_1.fastq.gz	bb201808d0c7a8ce0c662b3ebb9db6e6	SRR6231162_2.fastq.gz	d8b902832b12944d6ce84600d4c5f527	PASS
SRR6231163	18177144	18177144	18177144	6	SRR6231163_1.fastq.gz	0634713c156f365423ba4eca547ef772	SRR6231163_2.fastq.gz	2f45cda442709e0da93f2a6b8990637d	PASS
SRR6231164	22962908	22962908	22962908	6	SRR6231164_1.fastq.gz	b324f5996546a605c260e1b8035e6981	SRR6231164_2.fastq.gz	bab84be87579a84d69a545544325ea15	PASS
SRR6231165	26536858	26536858	26536858	6	SRR6231165_1.fastq.gz	d0dd7c6a3be87df8c821c9034e6566c4	SRR6231165_2.fastq.gz	dc8c85ac6c4a946fc0da8fc8d5895678	PASS
SRR6231166	22140786	22140786	22140786	6	SRR6231166_1.fastq.gz	6c02f5d2385083a262e8ee382d6a17a1	SRR6231166_2.fastq.gz	2c4fc971e99a9590f68b6c24c1c7a350	PASS
SRR6231167	24497683	24497683	24497683	6	SRR6231167_1.fastq.gz	7d8f8e40b8762ded7eaa66d56863c01b	SRR6231167_2.fastq.gz	0d24b87a4311f48a707fb105049e7936	PASS
SRR6231168	22167972	22167972	22167972	6	SRR6231168_1.fastq.gz	33a26d2f311e3031dc7a3543ea851aa1	SRR6231168_2.fastq.gz	a3c74f3d4f8a0ad7b269e97a95d03fd4	PASS
SRR6231169	24786972	24786972	24786972	6	SRR6231169_1.fastq.gz	e894fc77ef3a89bb7f7070b00d0bed68	SRR6231169_2.fastq.gz	221a079791608ce2b76e2bc783267267	PASS
SRR6231170	21579316	21579316	21579316	6	SRR6231170_1.fastq.gz	22c831728b8b90de2e0d24d36173b29c	SRR6231170_2.fastq.gz	d5d8b7b1560adf422bdc12a27b4bf6ba	PASS
SRR6231171	21261037	21261037	21261037	6	SRR6231171_1.fastq.gz	5cfae4c943c58a01cd87a1411f70b709	SRR6231171_2.fastq.gz	e532ba526946f2685d9f65e5b69825e2	PASS
SRR6231172	27704096	27704096	27704096	6	SRR6231172_1.fastq.gz	d63f56177d7c551750234d576c06315f	SRR6231172_2.fastq.gz	709ba2e270a39d6df30738a1cebe46b9	PASS
SRR6231173	29865338	29865338	29865338	6	SRR6231173_1.fastq.gz	85aeaefffe7d4575246e424d8733562d	SRR6231173_2.fastq.gz	fad940792c915175d77b09b5905b038a	PASS
SRR6231174	22247024	22247024	22247024	6	SRR6231174_1.fastq.gz	68d9c37e5ac97d0fa7ec2c3f337aad1e	SRR6231174_2.fastq.gz	259268954d5002e43ae3d66e74aaddc1	PASS
SRR6231175	18607008	18607008	18607008	6	SRR6231175_1.fastq.gz	cee7df5cca29bce7250f7978d92f6f18	SRR6231175_2.fastq.gz	98065f0f8dc7935c9341f1a867456887	PASS
SRR6231176	26827980	26827980	26827980	6	SRR6231176_1.fastq.gz	b2701d19bac00d182a34705122370d13	SRR6231176_2.fastq.gz	2723c47ee4932cc09d2c502ee46825c4	PASS
SRR6231177	22777433	22777433	22777433	6	SRR6231177_1.fastq.gz	8158acc1a19c8081637dd2801bd57637	SRR6231177_2.fastq.gz	77708adf77ee69d1ee2f6c82d7816611	PASS
SRR6231178	25054985	25054985	25054985	6	SRR6231178_1.fastq.gz	108d00698833da7831eaf5a8f2497356	SRR6231178_2.fastq.gz	58dd0f0f6881241fa4df96abcdde3de2	PASS
SRR6231179	22379075	22379075	22379075	6	SRR6231179_1.fastq.gz	6ce8ee488e7e063685cf79bd177bf6a6	SRR6231179_2.fastq.gz	eeec0cd56f52791ed3ebd28723ab8e92	PASS
SRR6231180	23259138	23259138	23259138	6	SRR6231180_1.fastq.gz	88094ebde0de7b96f492bba2bab92812	SRR6231180_2.fastq.gz	e9022cbfaa5a8a8984f69896fb9b8120	PASS
SRR6231181	15375933	15375933	15375933	6	SRR6231181_1.fastq.gz	a5aa0bfbafc6f4b53378832aa3d6f544	SRR6231181_2.fastq.gz	681a202227fec0cfc54ce41fdb1c1477	PASS
SRR6231182	27715761	27715761	27715761	6	SRR6231182_1.fastq.gz	3fe993e21e186c73906fe820364626c9	SRR6231182_2.fastq.gz	1d9c9b57259756ced71ed34d9e44bf06	PASS
SRR6231183	26672441	26672441	26672441	6	SRR6231183_1.fastq.gz	8d6afa37981e6874f8c6ebcd0b55043b	SRR6231183_2.fastq.gz	d57f4dfc602b24a4dd51c898c5eb1203	PASS
SRR6231184	21031655	21031655	21031655	6	SRR6231184_1.fastq.gz	7bfb1692e2caf1e887c39befa9a8066a	SRR6231184_2.fastq.gz	1b615236e78b388ab5d3152193683516	PASS
SRR6231185	26403748	26403748	26403748	6	SRR6231185_1.fastq.gz	f253f2c8096e24d6abb8c8b04c9e671f	SRR6231185_2.fastq.gz	da75e7c670ca0da63f61a3e6a8cbd236	PASS
SRR6231186	22242520	22242520	22242520	6	SRR6231186_1.fastq.gz	917000ca58cd1aefcd5f41ad96e8df73	SRR6231186_2.fastq.gz	c177893ea36ec81a83f5b999790c9940	PASS
SRR6231187	26810904	26810904	26810904	6	SRR6231187_1.fastq.gz	c3575f87a0239636f06a68d6fe5c9a96	SRR6231187_2.fastq.gz	95880cead3918cad946e512da5169ce8	PASS
SRR6231188	30863982	30863982	30863982	6	SRR6231188_1.fastq.gz	cfb780dd1d82144614c7d5070c6b2896	SRR6231188_2.fastq.gz	21d28db7b70c5ce1f7ad438c987d2550	PASS
SRR6231189	28200017	28200017	28200017	6	SRR6231189_1.fastq.gz	b676d20aefa2e7f78179fc227e759a53	SRR6231189_2.fastq.gz	4bbbf7ef29edc2673c92781445adcff4	PASS
SRR6231190	26965117	26965117	26965117	6	SRR6231190_1.fastq.gz	aad6d8d07c9d1bab4ffd62cdcd46f877	SRR6231190_2.fastq.gz	0818f30b80f368dde666008470b0f0c6	PASS
SRR6231191	28073637	28073637	28073637	6	SRR6231191_1.fastq.gz	81e32fd461fdd6596ec63d740c878c37	SRR6231191_2.fastq.gz	f0361fff0218adb448966e6ecab4664f	PASS
SRR6231192	21964845	21964845	21964845	6	SRR6231192_1.fastq.gz	af4d112996b4ea1ce8927776602a29d3	SRR6231192_2.fastq.gz	a049afb745ff05e5182fbe746b4474dc	PASS
SRR6231193	16207584	16207584	16207584	6	SRR6231193_1.fastq.gz	efcd42aa968d7c59aae1a581cf3f3280	SRR6231193_2.fastq.gz	8a5c346afab1bf91a2fb2a06f9fd0834	PASS
SRR6231194	15870592	15870592	15870592	6	SRR6231194_1.fastq.gz	3105965ed575526ede548407e21da642	SRR6231194_2.fastq.gz	e99d542c28178f226cd73b8f3bdf3b37	PASS
SRR6231195	16669600	16669600	16669600	6	SRR6231195_1.fastq.gz	0e34dfeaabf50138d56c7a5f59e203d7	SRR6231195_2.fastq.gz	b7c0009f50af618e251384e6724a6069	PASS
SRR6231196	17221213	17221213	17221213	6	SRR6231196_1.fastq.gz	4082e5809a486e71447b3a819582878a	SRR6231196_2.fastq.gz	2d35dcb31b3db3fbe6b04cab892a0627	PASS
SRR6231197	16636033	16636033	16636033	6	SRR6231197_1.fastq.gz	3092fae0d43c95ca39d31ff495d651ee	SRR6231197_2.fastq.gz	2447cac5475cd5df6ad856fa206fe0e3	PASS
SRR6231198	19175274	19175274	19175274	6	SRR6231198_1.fastq.gz	eeafc8be06b6d04f2d35309307dcff15	SRR6231198_2.fastq.gz	cf4e24c0c78abb032b9f82e051298018	PASS
SRR6231199	21811170	21811170	21811170	6	SRR6231199_1.fastq.gz	4b5fb65a82cd620e9e1640571b24bb0a	SRR6231199_2.fastq.gz	ba40e2bbf4cb84fb8b58f9a714d18698	PASS
SRR6231200	18380459	18380459	18380459	6	SRR6231200_1.fastq.gz	ede19fba5f6c13fa670111b61df30b39	SRR6231200_2.fastq.gz	00a9227f099b8cbb3148f47e18eecc27	PASS
SRR6231201	16398072	16398072	16398072	6	SRR6231201_1.fastq.gz	63b5a72bf0dff8c8a07fa6cbca73d178	SRR6231201_2.fastq.gz	6a3f15271b9b3b06051ea39d9c92ef4a	PASS
SRR6231202	22852893	22852893	22852893	6	SRR6231202_1.fastq.gz	1a8625d11a55de5e674e207834d28b72	SRR6231202_2.fastq.gz	3a9f3f9cb8317078a5904da686451ce1	PASS
SRR6231203	26835037	26835037	26835037	6	SRR6231203_1.fastq.gz	caf2a7bb3de3285963ed4fb3d5d1f824	SRR6231203_2.fastq.gz	f57a011879f4d62b408d3612ebb71649	PASS
SRR6231204	25542073	25542073	25542073	6	SRR6231204_1.fastq.gz	8cd48710da44dfec0a6f4d3ca7752ced	SRR6231204_2.fastq.gz	7208469022d2f3a9b451abd5e2695cfb	PASS
SRR6231205	25759301	25759301	25759301	6	SRR6231205_1.fastq.gz	51f884922285288558113d56af9e725c	SRR6231205_2.fastq.gz	4b858b2e3e12646d54c775e1c39e7d24	PASS
SRR6231206	19806365	19806365	19806365	6	SRR6231206_1.fastq.gz	42b1d3b995769154cbe50cf8f2615d35	SRR6231206_2.fastq.gz	0b100b59c740babea24beffaf7ce7ca1	PASS
SRR6231207	18729489	18729489	18729489	6	SRR6231207_1.fastq.gz	ba25ece4e739087ebe16405cf1643d6a	SRR6231207_2.fastq.gz	fad7eeb9edbe0b8ae5c6069a315f8a97	PASS
SRR6231208	19025157	19025157	19025157	6	SRR6231208_1.fastq.gz	d7a186813e39859dc9819b2382d20fa0	SRR6231208_2.fastq.gz	de8ed612c49194f1cd467a3151f1c660	PASS
SRR6231209	28283399	28283399	28283399	6	SRR6231209_1.fastq.gz	21ea808a402b245b27bdcb8c39a59445	SRR6231209_2.fastq.gz	dfc6f84d1318d91fd16f3664621621c5	PASS
SRR6231210	26192469	26192469	26192469	6	SRR6231210_1.fastq.gz	69576eb6587ce82a8ec8b2131c39cc42	SRR6231210_2.fastq.gz	8bd95727e19f40de2eabef3ef6345712	PASS
SRR6231211	23281317	23281317	23281317	6	SRR6231211_1.fastq.gz	5e5920401fd487a7110cae22ac630267	SRR6231211_2.fastq.gz	78e889a2dc8dee89f04079ac5d9cb045	PASS
SRR6231212	20495457	20495457	20495457	6	SRR6231212_1.fastq.gz	f7326ac7469f6e05292cf0475866df4c	SRR6231212_2.fastq.gz	c7ee64f23c260d4451e7a7568ca14d6c	PASS
SRR6231213	29986658	29986658	29986658	6	SRR6231213_1.fastq.gz	0a83cb5dfe4347924e23c5f0c5c593d0	SRR6231213_2.fastq.gz	b8abcc81032041ac311d947697c9558b	PASS
SRR6231214	24067957	24067957	24067957	6	SRR6231214_1.fastq.gz	ef0ba779e56874ed56ca1fefe709a813	SRR6231214_2.fastq.gz	cf405b3f135a306225ac84782e88d2fe	PASS
SRR6231215	18560933	18560933	18560933	6	SRR6231215_1.fastq.gz	e16978f6f600093c783d97013c374374	SRR6231215_2.fastq.gz	cda95f4d1e97a85794408ff7e438c722	PASS
SRR6231216	24944001	24944001	24944001	6	SRR6231216_1.fastq.gz	385bc753090856408f7198bf0704bc34	SRR6231216_2.fastq.gz	87488054f349b663102b3b404ff6dcfd	PASS
SRR6231217	26183846	26183846	26183846	6	SRR6231217_1.fastq.gz	4d8d106b49f202aeebefa7d1886287c2	SRR6231217_2.fastq.gz	78fcc5fa302d8f33848714d668a57d0b	PASS
SRR6231218	25416059	25416059	25416059	6	SRR6231218_1.fastq.gz	4ba9434d422fcf86abee39f15c79f753	SRR6231218_2.fastq.gz	99ead44ae7662619051b9803b73b2d88	PASS
SRR6231219	29429653	29429653	29429653	6	SRR6231219_1.fastq.gz	71cb1553eca1ae7135cc23e7d5ced4cd	SRR6231219_2.fastq.gz	601104abb445cb42a178a3a500fb3228	PASS
SRR6231220	26020493	26020493	26020493	6	SRR6231220_1.fastq.gz	fff4e1690bbea8ba03556d5acbd40c2e	SRR6231220_2.fastq.gz	5d5149a338c4a4283d0c636138bacf97	PASS
SRR6231221	27894215	27894215	27894215	6	SRR6231221_1.fastq.gz	c20bbf67ee03c7370f36e9e54a38e9f6	SRR6231221_2.fastq.gz	3973575731b980c980c1dcc6d0c33cd6	PASS
