run	biosample	sample_name	library_name	spots	location	site	timepoint
SRR6231130	SAMN07839266	Sample_Mallard_Creek_INF_2	Library_26	21478629	Mallard_Creek	INF	2
SRR6231131	SAMN07839265	Sample_Mallard_Creek_UP_B_3	Library_25	15474879	Mallard_Creek	UP_B	3
SRR6231132	SAMN07839268	Sample_Mallard_Creek_ATE_1	Library_28	19123323	Mallard_Creek	ATE	1
SRR6231133	SAMN07839267	Sample_Sugar_Creek_ATE_1	Library_27	18900974	Sugar_Creek	ATE	1
SRR6231134	SAMN07839262	Sample_Sugar_Creek_DS_A_2	Library_22	21733888	Sugar_Creek	DS_A	2
SRR6231135	SAMN07839261	Sample_Mallard_Creek_DS_A_3	Library_21	17976950	Mallard_Creek	DS_A	3
SRR6231136	SAMN07839264	Sample_Sugar_Creek_UP_B_2	Library_24	20304452	Sugar_Creek	UP_B	2
SRR6231137	SAMN07839263	Sample_Mallard_Creek_UP_A_3	Library_23	15054835	Mallard_Creek	UP_A	3
SRR6231138	SAMN07839270	Sample_Mallard_Creek_DS_A_1	Library_30	19372905	Mallard_Creek	DS_A	1
SRR6231139	SAMN07839269	Sample_Sugar_Creek_DS_A_1	Library_29	22847347	Sugar_Creek	DS_A	1
SRR6231140	SAMN07839331	Sample_Mountain_Control_MNT_A_4	Library_91	29495353	Mountain_Control	MNT_A	4
SRR6231141	SAMN07839332	Sample_Uwharrie_Control_UW_A_4	Library_92	24560486	Uwharrie_Control	UW_A	4
SRR6231142	SAMN07839277	Sample_Mallard_Creek_INF_1	Library_37	16979645	Mallard_Creek	INF	1
SRR6231143	SAMN07839278	Sample_Sugar_Creek_INF_1	Library_38	26707213	Sugar_Creek	INF	1
SRR6231144	SAMN07839275	Sample_Sugar_Creek_HOSP_1	Library_35	23887956	Sugar_Creek	HOSP	1
SRR6231145	SAMN07839276	Sample_Mallard_Creek_HOSP_1	Library_36	20117661	Mallard_Creek	HOSP	1
SRR6231146	SAMN07839273	Sample_Sugar_Creek_FCE_1	Library_33	18749618	Sugar_Creek	FCE	1
SRR6231147	SAMN07839274	Sample_Mallard_Creek_FCE_1	Library_34	25683932	Mallard_Creek	FCE	1
SRR6231148	SAMN07839271	Sample_Sugar_Creek_DS_B_1	Library_31	21598290	Sugar_Creek	DS_B	1
SRR6231149	SAMN07839272	Sample_Mallard_Creek_DS_B_1	Library_32	17726912	Mallard_Creek	DS_B	1
SRR6231150	SAMN07839279	Sample_Sugar_Creek_PCE_1	Library_39	21530620	Sugar_Creek	PCE	1
SRR6231151	SAMN07839280	Sample_Mallard_Creek_PCE_1	Library_40	18132206	Mallard_Creek	PCE	1
SRR6231152	SAMN07839284	Sample_Sugar_Creek_UP_A_1	Library_44	23387276	Sugar_Creek	UP_A	1
SRR6231153	SAMN07839283	Sample_Sugar_Creek_RES_1	Library_43	22978086	Sugar_Creek	RES	1
SRR6231154	SAMN07839282	Sample_Mallard_Creek_RES_1	Library_42	18110198	Mallard_Creek	RES	1
SRR6231155	SAMN07839281	Sample_Mallard_Creek_PCI_1	Library_41	17468274	Mallard_Creek	PCI	1
SRR6231156	SAMN07839288	Sample_Sugar_Creek_UV_1	Library_48	16660225	Sugar_Creek	UV	1
SRR6231157	SAMN07839287	Sample_Mallard_Creek_UP_B_1	Library_47	17271263	Mallard_Creek	UP_B	1
SRR6231158	SAMN07839286	Sample_Sugar_Creek_UP_B_1	Library_46	23416829	Sugar_Creek	UP_B	1
SRR6231159	SAMN07839285	Sample_Mallard_Creek_UP_A_1	Library_45	18107708	Mallard_Creek	UP_A	1
SRR6231160	SAMN07839290	Sample_Sugar_Creek_FCE_3	Library_50	23444058	Sugar_Creek	FCE	3
SRR6231161	SAMN07839289	Sample_Sugar_Creek_UP_A_3	Library_49	28548903	Sugar_Creek	UP_A	3
SRR6231162	SAMN07839299	Sample_Mallard_Creek_HOSP_3	Library_59	19708298	Mallard_Creek	HOSP	3
SRR6231163	SAMN07839300	Sample_Mallard_Creek_PCE_3	Library_60	18177144	Mallard_Creek	PCE	3
SRR6231164	SAMN07839295	Sample_Sugar_Creek_DS_B_3	Library_55	22962908	Sugar_Creek	DS_B	3
SRR6231165	SAMN07839296	Sample_Sugar_Creek_UP_B_3	Library_56	26536858	Sugar_Creek	UP_B	3
SRR6231166	SAMN07839297	Sample_Sugar_Creek_DS_A_3	Library_57	22140786	Sugar_Creek	DS_A	3
SRR6231167	SAMN07839298	Sample_Mallard_Creek_INF_3	Library_58	24497683	Mallard_Creek	INF	3
SRR6231168	SAMN07839291	Sample_Sugar_Creek_PCE_3	Library_51	22167972	Sugar_Creek	PCE	3
SRR6231169	SAMN07839292	Sample_Sugar_Creek_INF_3	Library_52	24786972	Sugar_Creek	INF	3
SRR6231170	SAMN07839293	Sample_Sugar_Creek_UV_3	Library_53	21579316	Sugar_Creek	UV	3
SRR6231171	SAMN07839294	Sample_Sugar_Creek_ATE_3	Library_54	21261037	Sugar_Creek	ATE	3
SRR6231172	SAMN07839310	Sample_Sugar_Creek_ATE_4	Library_70	27704096	Sugar_Creek	ATE	4
SRR6231173	SAMN07839309	Sample_Sugar_Creek_FCE_4	Library_69	29865338	Sugar_Creek	FCE	4
SRR6231174	SAMN07839302	Sample_Mallard_Creek_DS_B_3	Library_62	22247024	Mallard_Creek	DS_B	3
SRR6231175	SAMN07839301	Sample_Mallard_Creek_FCE_3	Library_61	18607008	Mallard_Creek	FCE	3
SRR6231176	SAMN07839304	Sample_Sugar_Creek_HOSP_3	Library_64	26827980	Sugar_Creek	HOSP	3
SRR6231177	SAMN07839303	Sample_Mallard_Creek_PCI_3	Library_63	22777433	Mallard_Creek	PCI	3
SRR6231178	SAMN07839306	Sample_Sugar_Creek_RES_3	Library_66	25054985	Sugar_Creek	RES	3
SRR6231179	SAMN07839305	Sample_Mallard_Creek_RES_3	Library_65	22379075	Mallard_Creek	RES	3
SRR6231180	SAMN07839308	Sample_Sugar_Creek_UV_4	Library_68	23259138	Sugar_Creek	UV	4
SRR6231181	SAMN07839307	Sample_Sugar_Creek_UP_B_4	Library_67	15375933	Sugar_Creek	UP_B	4
SRR6231182	SAMN07839319	Sample_Mallard_Creek_ATE_4	Library_79	27715761	Mallard_Creek	ATE	4
SRR6231183	SAMN07839320	Sample_Mallard_Creek_PCI_4	Library_80	26672441	Mallard_Creek	PCI	4
SRR6231184	SAMN07839313	Sample_Sugar_Creek_INF_4	Library_73	21031655	Sugar_Creek	INF	4
SRR6231185	SAMN07839314	Sample_Sugar_Creek_RES_4	Library_74	26403748	Sugar_Creek	RES	4
SRR6231186	SAMN07839311	Sample_Sugar_Creek_UP_A_4	Library_71	22242520	Sugar_Creek	UP_A	4
SRR6231187	SAMN07839312	Sample_Sugar_Creek_PCE_4	Library_72	26810904	Sugar_Creek	PCE	4
SRR6231188	SAMN07839317	Sample_Mallard_Creek_FCE_4	Library_77	30863982	Mallard_Creek	FCE	4
SRR6231189	SAMN07839318	Sample_Mallard_Creek_DS_B_4	Library_78	28200017	Mallard_Creek	DS_B	4
SRR6231190	SAMN07839315	Sample_Sugar_Creek_HOSP_4	Library_75	26965117	Sugar_Creek	HOSP	4
SRR6231191	SAMN07839316	Sample_Mallard_Creek_INF_4	Library_76	28073637	Mallard_Creek	INF	4
SRR6231192	SAMN07839259	Sample_Mallard_Creek_ATE_3	Library_19	21964845	Mallard_Creek	ATE	3
SRR6231193	SAMN07839260	Sample_Sugar_Creek_FCE_2	Library_20	16207584	Sugar_Creek	FCE	2
SRR6231194	SAMN07839251	Sample_Sugar_Creek_RES_2	Library_11	15870592	Sugar_Creek	RES	2
SRR6231195	SAMN07839252	Sample_Sugar_Creek_INF_2	Library_12	16669600	Sugar_Creek	INF	2
SRR6231196	SAMN07839253	Sample_Sugar_Creek_ATE_2	Library_13	17221213	Sugar_Creek	ATE	2
SRR6231197	SAMN07839254	Sample_Sugar_Creek_DS_B_2	Library_14	16636033	Sugar_Creek	DS_B	2
SRR6231198	SAMN07839255	Sample_Sugar_Creek_UP_A_2	Library_15	19175274	Sugar_Creek	UP_A	2
SRR6231199	SAMN07839256	Sample_Mallard_Creek_RES_2	Library_16	21811170	Mallard_Creek	RES	2
SRR6231200	SAMN07839257	Sample_Sugar_Creek_PCE_2	Library_17	18380459	Sugar_Creek	PCE	2
SRR6231201	SAMN07839258	Sample_Sugar_Creek_HOSP_2	Library_18	16398072	Sugar_Creek	HOSP	2
SRR6231202	SAMN07839249	Sample_Mallard_Creek_UP_A_2	Library_9	22852893	Mallard_Creek	UP_A	2
SRR6231203	SAMN07839250	Sample_Sugar_Creek_UV_2	Library_10	26835037	Sugar_Creek	UV	2
SRR6231204	SAMN07839245	Sample_Mallard_Creek_FCE_2	Library_5	25542073	Mallard_Creek	FCE	2
SRR6231205	SAMN07839246	Sample_Mallard_Creek_DS_B_2	Library_6	25759301	Mallard_Creek	DS_B	2
SRR6231206	SAMN07839247	Sample_Mallard_Creek_DS_A_2	Library_7	19806365	Mallard_Creek	DS_A	2
SRR6231207	SAMN07839248	Sample_Mallard_Creek_UP_B_2	Library_8	18729489	Mallard_Creek	UP_B	2
SRR6231208	SAMN07839241	Sample_Mallard_Creek_PCI_2	Library_1	19025157	Mallard_Creek	PCI	2
SRR6231209	SAMN07839242	Sample_Mallard_Creek_HOSP_2	Library_2	28283399	Mallard_Creek	HOSP	2
SRR6231210	SAMN07839243	Sample_Mallard_Creek_ATE_2	Library_3	26192469	Mallard_Creek	ATE	2
SRR6231211	SAMN07839244	Sample_Mallard_Creek_PCE_2	Library_4	23281317	Mallard_Creek	PCE	2
SRR6231212	SAMN07839328	Sample_Sugar_Creek_DS_A_4	Library_88	20495457	Sugar_Creek	DS_A	4
SRR6231213	SAMN07839327	Sample_Mallard_Creek_HOSP_4	Library_87	29986658	Mallard_Creek	HOSP	4
SRR6231214	SAMN07839326	Sample_Mallard_Creek_RES_4	Library_86	24067957	Mallard_Creek	RES	4
SRR6231215	SAMN07839325	Sample_Sugar_Creek_DS_B_4	Library_85	18560933	Sugar_Creek	DS_B	4
SRR6231216	SAMN07839324	Sample_Mallard_Creek_DS_A_4	Library_84	24944001	Mallard_Creek	DS_A	4
SRR6231217	SAMN07839323	Sample_Mallard_Creek_UP_B_4	Library_83	26183846	Mallard_Creek	UP_B	4
SRR6231218	SAMN07839322	Sample_Mallard_Creek_UP_A_4	Library_82	25416059	Mallard_Creek	UP_A	4
SRR6231219	SAMN07839321	Sample_Mallard_Creek_PCE_4	Library_81	29429653	Mallard_Creek	PCE	4
SRR6231220	SAMN07839330	Sample_Uwharrie_Control_UW_B_4	Library_90	26020493	Uwharrie_Control	UW_B	4
SRR6231221	SAMN07839329	Sample_Mountain_Control_MNT_B_4	Library_89	27894215	Mountain_Control	MNT_B	4
