uid	experiment_acc	run_accs	title	library_strategy	library_source	organism	sample_acc	biosample
10667479	SRX8183290	SRR11617077	16S of V6: water	AMPLICON	METAGENOMIC	freshwater metagenome	SRS6542357	SAMN14689685
10667478	SRX8183289	SRR11617078	16S of V6: water	AMPLICON	METAGENOMIC	freshwater metagenome	SRS6542356	SAMN14689684
10667477	SRX8183288	SRR11617079	16S of V6: soil	AMPLICON	METAGENOMIC	freshwater metagenome	SRS6542355	SAMN14689829
10667476	SRX8183287	SRR11617080	16S of V6: sediment	AMPLICON	METAGENOMIC	freshwater metagenome	SRS6542354	SAMN14689828
10667475	SRX8183286	SRR11617081	16S of V6: sediment	AMPLICON	METAGENOMIC	freshwater metagenome	SRS6542353	SAMN14689827
10667474	SRX8183285	SRR11617082	16S of V6: sediment	AMPLICON	METAGENOMIC	freshwater metagenome	SRS6542352	SAMN14689826
10667473	SRX8183284	SRR11617083	16S of V6: water	AMPLICON	METAGENOMIC	freshwater metagenome	SRS6542351	SAMN14689610
10667472	SRX8183283	SRR11617084	16S of V6: sediment	AMPLICON	METAGENOMIC	freshwater metagenome	SRS6542350	SAMN14689825
10667471	SRX8183282	SRR11617085	16S of V6: sediment	AMPLICON	METAGENOMIC	freshwater metagenome	SRS6542349	SAMN14689824
10667470	SRX8183281	SRR11617086	16S of V6: sediment	AMPLICON	METAGENOMIC	freshwater metagenome	SRS6542348	SAMN14689823
10667469	SRX8183280	SRR11617087	16S of V6: sediment	AMPLICON	METAGENOMIC	freshwater metagenome	SRS6542347	SAMN14689822
10667468	SRX8183279	SRR11617088	16S of V6: sediment	AMPLICON	METAGENOMIC	freshwater metagenome	SRS6542345	SAMN14689821
10667467	SRX8183278	SRR11617089	16S of V6: sediment	AMPLICON	METAGENOMIC	freshwater metagenome	SRS6542346	SAMN14689820
10667466	SRX8183277	SRR11617090	16S of V6: sediment	AMPLICON	METAGENOMIC	freshwater metagenome	SRS6542344	SAMN14689819
10667465	SRX8183276	SRR11617091	16S of V6: soil	AMPLICON	METAGENOMIC	freshwater metagenome	SRS6542343	SAMN14689818
10667464	SRX8183275	SRR11617092	16S of V6: soil	AMPLICON	METAGENOMIC	freshwater metagenome	SRS6542342	SAMN14689817
10667463	SRX8183274	SRR11617093	16S of V6: soil	AMPLICON	METAGENOMIC	freshwater metagenome	SRS6542340	SAMN14689816
10667462	SRX8183273	SRR11617094	16S of V6: water	AMPLICON	METAGENOMIC	freshwater metagenome	SRS6542341	SAMN14689609
10667461	SRX8183272	SRR11617095	16S of V6: water	AMPLICON	METAGENOMIC	freshwater metagenome	SRS6542339	SAMN14689683
10667460	SRX8183271	SRR11617096	16S of V6: water	AMPLICON	METAGENOMIC	freshwater metagenome	SRS6542338	SAMN14689682
10667459	SRX8183270	SRR11617097	16S of V6: water	AMPLICON	METAGENOMIC	freshwater metagenome	SRS6542337	SAMN14689681
10667458	SRX8183269	SRR11617098	16S of V6: water	AMPLICON	METAGENOMIC	freshwater metagenome	SRS6542336	SAMN14689680
10667457	SRX8183268	SRR11617099	16S of V6: water	AMPLICON	METAGENOMIC	freshwater metagenome	SRS6542335	SAMN14689679
10667456	SRX8183267	SRR11617100	16S of V6: water	AMPLICON	METAGENOMIC	freshwater metagenome	SRS6542334	SAMN14689678
10667455	SRX8183266	SRR11617101	16S of V6: water	AMPLICON	METAGENOMIC	freshwater metagenome	SRS6542333	SAMN14689677
10667454	SRX8183265	SRR11617102	16S of V6: water	AMPLICON	METAGENOMIC	freshwater metagenome	SRS6542332	SAMN14689676
10667453	SRX8183264	SRR11617103	16S of V6: water	AMPLICON	METAGENOMIC	freshwater metagenome	SRS6542331	SAMN14689595
10667452	SRX8183263	SRR11617104	16S of V6: water	AMPLICON	METAGENOMIC	freshwater metagenome	SRS6542330	SAMN14689675
10667451	SRX8183262	SRR11617105	16S of V6: water	AMPLICON	METAGENOMIC	freshwater metagenome	SRS6542329	SAMN14689674
10667450	SRX8183261	SRR11617106	16S of V6: water	AMPLICON	METAGENOMIC	freshwater metagenome	SRS6542328	SAMN14689673
10667449	SRX8183260	SRR11617107	16S of V6: water	AMPLICON	METAGENOMIC	freshwater metagenome	SRS6542327	SAMN14689672
10667448	SRX8183259	SRR11617108	16S of V6: water	AMPLICON	METAGENOMIC	freshwater metagenome	SRS6542326	SAMN14689671
10667447	SRX8183258	SRR11617109	16S of V6: water	AMPLICON	METAGENOMIC	freshwater metagenome	SRS6542325	SAMN14689670
10667446	SRX8183257	SRR11617110	16S of V6: water	AMPLICON	METAGENOMIC	freshwater metagenome	SRS6542324	SAMN14689669
10667445	SRX8183256	SRR11617111	16S of V6: water	AMPLICON	METAGENOMIC	freshwater metagenome	SRS6542323	SAMN14689668
10667444	SRX8183255	SRR11617112	16S of V6: water	AMPLICON	METAGENOMIC	freshwater metagenome	SRS6542322	SAMN14689667
10667443	SRX8183254	SRR11617113	16S of V6: water	AMPLICON	METAGENOMIC	freshwater metagenome	SRS6542321	SAMN14689666
10667442	SRX8183253	SRR11617114	16S of V6: water	AMPLICON	METAGENOMIC	freshwater metagenome	SRS6542319	SAMN14689594
10667441	SRX8183252	SRR11617115	16S of V6: water	AMPLICON	METAGENOMIC	freshwater metagenome	SRS6542320	SAMN14689665
10667440	SRX8183251	SRR11617116	16S of V6: water	AMPLICON	METAGENOMIC	freshwater metagenome	SRS6542318	SAMN14689664
10667439	SRX8183250	SRR11617117	16S of V6: water	AMPLICON	METAGENOMIC	freshwater metagenome	SRS6542317	SAMN14689663
10667438	SRX8183249	SRR11617118	16S of V6: water	AMPLICON	METAGENOMIC	freshwater metagenome	SRS6542316	SAMN14689662
10667437	SRX8183248	SRR11617119	16S of V6: water	AMPLICON	METAGENOMIC	freshwater metagenome	SRS6542315	SAMN14689661
10667436	SRX8183247	SRR11617120	16S of V6: water	AMPLICON	METAGENOMIC	freshwater metagenome	SRS6542314	SAMN14689660
10667435	SRX8183246	SRR11617121	16S of V6: water	AMPLICON	METAGENOMIC	freshwater metagenome	SRS6542312	SAMN14689659
10667434	SRX8183245	SRR11617122	16S of V6: water	AMPLICON	METAGENOMIC	freshwater metagenome	SRS6542313	SAMN14689658
10667433	SRX8183244	SRR11617123	16S of V6: water	AMPLICON	METAGENOMIC	freshwater metagenome	SRS6542311	SAMN14689657
10667432	SRX8183243	SRR11617124	16S of V6: water	AMPLICON	METAGENOMIC	freshwater metagenome	SRS6542310	SAMN14689656
10667431	SRX8183242	SRR11617125	16S of V6: water	AMPLICON	METAGENOMIC	freshwater metagenome	SRS6542309	SAMN14689593
10667430	SRX8183241	SRR11617126	16S of V6: water	AMPLICON	METAGENOMIC	freshwater metagenome	SRS6542307	SAMN14689655
10667429	SRX8183240	SRR11617127	16S of V6: soil	AMPLICON	METAGENOMIC	freshwater metagenome	SRS6542308	SAMN14689815
10667428	SRX8183239	SRR11617128	16S of V6: soil	AMPLICON	METAGENOMIC	freshwater metagenome	SRS6542306	SAMN14689814
10667427	SRX8183238	SRR11617129	16S of V6: soil	AMPLICON	METAGENOMIC	freshwater metagenome	SRS6542305	SAMN14689813
10667426	SRX8183237	SRR11617130	16S of V6: soil	AMPLICON	METAGENOMIC	freshwater metagenome	SRS6542304	SAMN14689812
10667425	SRX8183236	SRR11617131	16S of V6: soil	AMPLICON	METAGENOMIC	freshwater metagenome	SRS6542303	SAMN14689811
10667424	SRX8183235	SRR11617132	16S of V6: soil	AMPLICON	METAGENOMIC	freshwater metagenome	SRS6542302	SAMN14689810
10667423	SRX8183234	SRR11617133	16S of V6: soil	AMPLICON	METAGENOMIC	freshwater metagenome	SRS6542301	SAMN14689809
10667422	SRX8183233	SRR11617134	16S of V6: soil	AMPLICON	METAGENOMIC	freshwater metagenome	SRS6542299	SAMN14689808
10667421	SRX8183232	SRR11617135	16S of V6: soil	AMPLICON	METAGENOMIC	freshwater metagenome	SRS6542298	SAMN14689807
10667420	SRX8183231	SRR11617136	16S of V6: sediment	AMPLICON	METAGENOMIC	freshwater metagenome	SRS6542300	SAMN14689806
10667419	SRX8183230	SRR11616905	16S of V6: water	AMPLICON	METAGENOMIC	freshwater metagenome	SRS6542297	SAMN14689608
10667418	SRX8183229	SRR11616906	16S of V6: sediment	AMPLICON	METAGENOMIC	freshwater metagenome	SRS6542296	SAMN14689805
10667417	SRX8183228	SRR11616907	16S of V6: sediment	AMPLICON	METAGENOMIC	freshwater metagenome	SRS6542294	SAMN14689804
10667416	SRX8183227	SRR11616908	16S of V6: sediment	AMPLICON	METAGENOMIC	freshwater metagenome	SRS6542295	SAMN14689803
10667415	SRX8183226	SRR11616909	16S of V6: sediment	AMPLICON	METAGENOMIC	freshwater metagenome	SRS6542293	SAMN14689802
10667414	SRX8183225	SRR11616910	16S of V6: sediment	AMPLICON	METAGENOMIC	freshwater metagenome	SRS6542292	SAMN14689801
10667413	SRX8183224	SRR11616911	16S of V6: sediment	AMPLICON	METAGENOMIC	freshwater metagenome	SRS6542291	SAMN14689800
10667412	SRX8183223	SRR11616912	16S of V6: sediment	AMPLICON	METAGENOMIC	freshwater metagenome	SRS6542290	SAMN14689799
10667411	SRX8183222	SRR11616913	16S of V6: sediment	AMPLICON	METAGENOMIC	freshwater metagenome	SRS6542289	SAMN14689798
10667410	SRX8183221	SRR11616914	16S of V6: soil	AMPLICON	METAGENOMIC	freshwater metagenome	SRS6542288	SAMN14689797
10667409	SRX8183220	SRR11616915	16S of V6: soil	AMPLICON	METAGENOMIC	freshwater metagenome	SRS6542287	SAMN14689796
10667408	SRX8183219	SRR11616916	16S of V6: water	AMPLICON	METAGENOMIC	freshwater metagenome	SRS6542286	SAMN14689607
10667407	SRX8183218	SRR11616917	16S of V6: soil	AMPLICON	METAGENOMIC	freshwater metagenome	SRS6542285	SAMN14689795
10667406	SRX8183217	SRR11616918	16S of V6: soil	AMPLICON	METAGENOMIC	freshwater metagenome	SRS6542284	SAMN14689794
10667405	SRX8183216	SRR11616919	16S of V6: soil	AMPLICON	METAGENOMIC	freshwater metagenome	SRS6542283	SAMN14689793
10667404	SRX8183215	SRR11616920	16S of V6: soil	AMPLICON	METAGENOMIC	freshwater metagenome	SRS6542282	SAMN14689792
10667403	SRX8183214	SRR11616921	16S of V6: soil	AMPLICON	METAGENOMIC	freshwater metagenome	SRS6542281	SAMN14689791
10667402	SRX8183213	SRR11616922	16S of V6: soil	AMPLICON	METAGENOMIC	freshwater metagenome	SRS6542278	SAMN14689790
10667401	SRX8183212	SRR11616923	16S of V6: soil	AMPLICON	METAGENOMIC	freshwater metagenome	SRS6542279	SAMN14689789
10667400	SRX8183211	SRR11616924	16S of V6: sediment	AMPLICON	METAGENOMIC	freshwater metagenome	SRS6542280	SAMN14689788
10667399	SRX8183210	SRR11616925	16S of V6: sediment	AMPLICON	METAGENOMIC	freshwater metagenome	SRS6542277	SAMN14689787
10667398	SRX8183209	SRR11616926	16S of V6: sediment	AMPLICON	METAGENOMIC	freshwater metagenome	SRS6542276	SAMN14689786
10667397	SRX8183208	SRR11616927	16S of V6: water	AMPLICON	METAGENOMIC	freshwater metagenome	SRS6542274	SAMN14689654
10667396	SRX8183207	SRR11616928	16S of V6: water	AMPLICON	METAGENOMIC	freshwater metagenome	SRS6542275	SAMN14689653
10667395	SRX8183206	SRR11616929	16S of V6: water	AMPLICON	METAGENOMIC	freshwater metagenome	SRS6542273	SAMN14689652
10667394	SRX8183205	SRR11616930	16S of V6: water	AMPLICON	METAGENOMIC	freshwater metagenome	SRS6542272	SAMN14689651
10667393	SRX8183204	SRR11616931	16S of V6: water	AMPLICON	METAGENOMIC	freshwater metagenome	SRS6542271	SAMN14689650
10667392	SRX8183203	SRR11616932	16S of V6: water	AMPLICON	METAGENOMIC	freshwater metagenome	SRS6542269	SAMN14689649
10667391	SRX8183202	SRR11616933	16S of V6: water	AMPLICON	METAGENOMIC	freshwater metagenome	SRS6542270	SAMN14689648
10667390	SRX8183201	SRR11616934	16S of V6: water	AMPLICON	METAGENOMIC	freshwater metagenome	SRS6542268	SAMN14689647
10667389	SRX8183200	SRR11616935	16S of V6: water	AMPLICON	METAGENOMIC	freshwater metagenome	SRS6542267	SAMN14689646
10667388	SRX8183199	SRR11616936	16S of V6: water	AMPLICON	METAGENOMIC	freshwater metagenome	SRS6542265	SAMN14689592
10667387	SRX8183198	SRR11616937	16S of V6: water	AMPLICON	METAGENOMIC	freshwater metagenome	SRS6542266	SAMN14689645
10667386	SRX8183197	SRR11616938	16S of V6: water	AMPLICON	METAGENOMIC	freshwater metagenome	SRS6542264	SAMN14689644
10667385	SRX8183196	SRR11616939	16S of V6: water	AMPLICON	METAGENOMIC	freshwater metagenome	SRS6542263	SAMN14689643
10667384	SRX8183195	SRR11616940	16S of V6: water	AMPLICON	METAGENOMIC	freshwater metagenome	SRS6542262	SAMN14689642
10667383	SRX8183194	SRR11616941	16S of V6: water	AMPLICON	METAGENOMIC	freshwater metagenome	SRS6542261	SAMN14689641
10667382	SRX8183193	SRR11616942	16S of V6: water	AMPLICON	METAGENOMIC	freshwater metagenome	SRS6542260	SAMN14689640
10667381	SRX8183192	SRR11616943	16S of V6: water	AMPLICON	METAGENOMIC	freshwater metagenome	SRS6542259	SAMN14689606
10667380	SRX8183191	SRR11616944	16S of V6: water	AMPLICON	METAGENOMIC	freshwater metagenome	SRS6542258	SAMN14689588
10667379	SRX8183190	SRR11616945	16S of V6: sediment	AMPLICON	METAGENOMIC	freshwater metagenome	SRS6542256	SAMN14689785
10667378	SRX8183189	SRR11616946	16S of V6: sediment	AMPLICON	METAGENOMIC	freshwater metagenome	SRS6542257	SAMN14689784
10667377	SRX8183188	SRR11616947	16S of V6: sediment	AMPLICON	METAGENOMIC	freshwater metagenome	SRS6542255	SAMN14689783
10667376	SRX8183187	SRR11616948	16S of V6: soil	AMPLICON	METAGENOMIC	freshwater metagenome	SRS6542253	SAMN14689782
10667375	SRX8183186	SRR11616949	16S of V6: soil	AMPLICON	METAGENOMIC	freshwater metagenome	SRS6542254	SAMN14689781
10667374	SRX8183185	SRR11616950	16S of V6: soil	AMPLICON	METAGENOMIC	freshwater metagenome	SRS6542252	SAMN14689780
10667373	SRX8183184	SRR11616951	16S of V6: sediment	AMPLICON	METAGENOMIC	freshwater metagenome	SRS6542251	SAMN14689779
10667372	SRX8183183	SRR11616952	16S of V6: sediment	AMPLICON	METAGENOMIC	freshwater metagenome	SRS6542249	SAMN14689778
10667371	SRX8183182	SRR11616953	16S of V6: sediment	AMPLICON	METAGENOMIC	freshwater metagenome	SRS6542250	SAMN14689777
10667370	SRX8183181	SRR11616954	16S of V6: soil	AMPLICON	METAGENOMIC	freshwater metagenome	SRS6542248	SAMN14689776
10667369	SRX8183180	SRR11616955	16S of V6: water	AMPLICON	METAGENOMIC	freshwater metagenome	SRS6542247	SAMN14689605
10667368	SRX8183179	SRR11616956	16S of V6: soil	AMPLICON	METAGENOMIC	freshwater metagenome	SRS6542246	SAMN14689775
10667367	SRX8183178	SRR11616957	16S of V6: soil	AMPLICON	METAGENOMIC	freshwater metagenome	SRS6542245	SAMN14689774
10667366	SRX8183177	SRR11616958	16S of V6: sediment	AMPLICON	METAGENOMIC	freshwater metagenome	SRS6542243	SAMN14689773
10667365	SRX8183176	SRR11616959	16S of V6: sediment	AMPLICON	METAGENOMIC	freshwater metagenome	SRS6542244	SAMN14689772
10667364	SRX8183175	SRR11616960	16S of V6: sediment	AMPLICON	METAGENOMIC	freshwater metagenome	SRS6542242	SAMN14689771
10667363	SRX8183174	SRR11616961	16S of V6: sediment	AMPLICON	METAGENOMIC	freshwater metagenome	SRS6542241	SAMN14689770
10667362	SRX8183173	SRR11616962	16S of V6: sediment	AMPLICON	METAGENOMIC	freshwater metagenome	SRS6542240	SAMN14689769
10667361	SRX8183172	SRR11616963	16S of V6: sediment	AMPLICON	METAGENOMIC	freshwater metagenome	SRS6542239	SAMN14689768
10667360	SRX8183171	SRR11616964	16S of V6: soil	AMPLICON	METAGENOMIC	freshwater metagenome	SRS6542238	SAMN14689767
10667359	SRX8183170	SRR11616965	16S of V6: soil	AMPLICON	METAGENOMIC	freshwater metagenome	SRS6542237	SAMN14689766
10667358	SRX8183169	SRR11616966	16S of V6: water	AMPLICON	METAGENOMIC	freshwater metagenome	SRS6542236	SAMN14689604
10667357	SRX8183168	SRR11616967	16S of V6: soil	AMPLICON	METAGENOMIC	freshwater metagenome	SRS6542235	SAMN14689765
10667356	SRX8183167	SRR11616968	16S of V6: sediment	AMPLICON	METAGENOMIC	freshwater metagenome	SRS6542234	SAMN14689764
10667355	SRX8183166	SRR11616969	16S of V6: sediment	AMPLICON	METAGENOMIC	freshwater metagenome	SRS6542233	SAMN14689763
10667354	SRX8183165	SRR11616970	16S of V6: sediment	AMPLICON	METAGENOMIC	freshwater metagenome	SRS6542232	SAMN14689762
10667353	SRX8183164	SRR11616971	16S of V6: soil	AMPLICON	METAGENOMIC	freshwater metagenome	SRS6542231	SAMN14689761
10667352	SRX8183163	SRR11616972	16S of V6: soil	AMPLICON	METAGENOMIC	freshwater metagenome	SRS6542230	SAMN14689760
10667351	SRX8183162	SRR11616973	16S of V6: soil	AMPLICON	METAGENOMIC	freshwater metagenome	SRS6542229	SAMN14689759
10667350	SRX8183161	SRR11616974	16S of V6: soil	AMPLICON	METAGENOMIC	freshwater metagenome	SRS6542228	SAMN14689758
10667349	SRX8183160	SRR11616975	16S of V6: water	AMPLICON	METAGENOMIC	freshwater metagenome	SRS6542226	SAMN14689639
10667348	SRX8183159	SRR11616976	16S of V6: water	AMPLICON	METAGENOMIC	freshwater metagenome	SRS6542227	SAMN14689638
10667347	SRX8183158	SRR11616977	16S of V6: water	AMPLICON	METAGENOMIC	freshwater metagenome	SRS6542224	SAMN14689637
10667346	SRX8183157	SRR11616978	16S of V6: water	AMPLICON	METAGENOMIC	freshwater metagenome	SRS6542225	SAMN14689636
10667345	SRX8183156	SRR11616979	16S of V6: water	AMPLICON	METAGENOMIC	freshwater metagenome	SRS6542223	SAMN14689591
10667344	SRX8183155	SRR11616980	16S of V6: water	AMPLICON	METAGENOMIC	freshwater metagenome	SRS6542222	SAMN14689635
10667343	SRX8183154	SRR11616981	16S of V6: water	AMPLICON	METAGENOMIC	freshwater metagenome	SRS6542221	SAMN14689634
10667342	SRX8183153	SRR11616982	16S of V6: water	AMPLICON	METAGENOMIC	freshwater metagenome	SRS6542220	SAMN14689633
10667341	SRX8183152	SRR11616983	16S of V6: water	AMPLICON	METAGENOMIC	freshwater metagenome	SRS6542219	SAMN14689632
10667340	SRX8183151	SRR11616984	16S of V6: water	AMPLICON	METAGENOMIC	freshwater metagenome	SRS6542218	SAMN14689631
10667339	SRX8183150	SRR11616985	16S of V6: water	AMPLICON	METAGENOMIC	freshwater metagenome	SRS6542217	SAMN14689630
10667338	SRX8183149	SRR11616986	16S of V6: water	AMPLICON	METAGENOMIC	freshwater metagenome	SRS6542216	SAMN14689629
10667337	SRX8183148	SRR11616987	16S of V6: water	AMPLICON	METAGENOMIC	freshwater metagenome	SRS6542215	SAMN14689628
10667336	SRX8183147	SRR11616988	16S of V6: water	AMPLICON	METAGENOMIC	freshwater metagenome	SRS6542214	SAMN14689627
10667335	SRX8183146	SRR11616989	16S of V6: water	AMPLICON	METAGENOMIC	freshwater metagenome	SRS6542213	SAMN14689989
10667334	SRX8183145	SRR11616990	16S of V6: water	AMPLICON	METAGENOMIC	freshwater metagenome	SRS6542212	SAMN14689988
10667333	SRX8183144	SRR11616991	16S of V6: water	AMPLICON	METAGENOMIC	freshwater metagenome	SRS6542210	SAMN14689987
10667332	SRX8183143	SRR11616992	16S of V6: water	AMPLICON	METAGENOMIC	freshwater metagenome	SRS6542209	SAMN14689986
10667331	SRX8183142	SRR11616993	16S of V6: water	AMPLICON	METAGENOMIC	freshwater metagenome	SRS6542208	SAMN14689626
10667330	SRX8183141	SRR11616994	16S of V6: water	AMPLICON	METAGENOMIC	freshwater metagenome	SRS6542211	SAMN14689590
10667329	SRX8183140	SRR11616995	16S of V6: water	AMPLICON	METAGENOMIC	freshwater metagenome	SRS6542207	SAMN14689985
10667328	SRX8183139	SRR11616996	16S of V6: water	AMPLICON	METAGENOMIC	freshwater metagenome	SRS6542206	SAMN14689984
10667327	SRX8183138	SRR11616997	16S of V6: water	AMPLICON	METAGENOMIC	freshwater metagenome	SRS6542205	SAMN14689983
10667326	SRX8183137	SRR11616998	16S of V6: water	AMPLICON	METAGENOMIC	freshwater metagenome	SRS6542204	SAMN14689982
10667325	SRX8183136	SRR11616999	16S of V6: water	AMPLICON	METAGENOMIC	freshwater metagenome	SRS6542202	SAMN14689981
10667324	SRX8183135	SRR11617000	16S of V6: water	AMPLICON	METAGENOMIC	freshwater metagenome	SRS6542203	SAMN14689980
10667323	SRX8183134	SRR11617001	16S of V6: water	AMPLICON	METAGENOMIC	freshwater metagenome	SRS6542201	SAMN14689979
10667322	SRX8183133	SRR11617002	16S of V6: water	AMPLICON	METAGENOMIC	freshwater metagenome	SRS6542200	SAMN14689978
10667321	SRX8183132	SRR11617003	16S of V6: water	AMPLICON	METAGENOMIC	freshwater metagenome	SRS6542199	SAMN14689977
10667320	SRX8183131	SRR11617004	16S of V6: water	AMPLICON	METAGENOMIC	freshwater metagenome	SRS6542198	SAMN14689976
10667319	SRX8183130	SRR11617005	16S of V6: water	AMPLICON	METAGENOMIC	freshwater metagenome	SRS6542197	SAMN14689625
10667318	SRX8183129	SRR11617006	16S of V6: water	AMPLICON	METAGENOMIC	freshwater metagenome	SRS6542196	SAMN14689975
10667317	SRX8183128	SRR11617007	16S of V6: soil	AMPLICON	METAGENOMIC	freshwater metagenome	SRS6542195	SAMN14689757
10667316	SRX8183127	SRR11617008	16S of V6: soil	AMPLICON	METAGENOMIC	freshwater metagenome	SRS6542194	SAMN14689756
10667315	SRX8183126	SRR11617009	16S of V6: water	AMPLICON	METAGENOMIC	freshwater metagenome	SRS6542193	SAMN14689603
10667314	SRX8183125	SRR11617010	16S of V6: sediment	AMPLICON	METAGENOMIC	freshwater metagenome	SRS6542192	SAMN14689755
10667313	SRX8183124	SRR11617011	16S of V6: sediment	AMPLICON	METAGENOMIC	freshwater metagenome	SRS6542191	SAMN14689754
10667312	SRX8183123	SRR11617012	16S of V6: sediment	AMPLICON	METAGENOMIC	freshwater metagenome	SRS6542190	SAMN14689753
10667311	SRX8183122	SRR11617013	16S of V6: sediment	AMPLICON	METAGENOMIC	freshwater metagenome	SRS6542189	SAMN14689752
10667310	SRX8183121	SRR11617014	16S of V6: sediment	AMPLICON	METAGENOMIC	freshwater metagenome	SRS6542188	SAMN14689751
10667309	SRX8183120	SRR11617015	16S of V6: sediment	AMPLICON	METAGENOMIC	freshwater metagenome	SRS6542187	SAMN14689750
10667308	SRX8183119	SRR11617016	16S of V6: soil	AMPLICON	METAGENOMIC	freshwater metagenome	SRS6542186	SAMN14689749
10667307	SRX8183118	SRR11617017	16S of V6: soil	AMPLICON	METAGENOMIC	freshwater metagenome	SRS6542185	SAMN14689748
10667306	SRX8183117	SRR11617018	16S of V6: soil	AMPLICON	METAGENOMIC	freshwater metagenome	SRS6542184	SAMN14689747
10667305	SRX8183116	SRR11617019	16S of V6: soil	AMPLICON	METAGENOMIC	freshwater metagenome	SRS6542183	SAMN14689746
10667304	SRX8183115	SRR11617020	16S of V6: water	AMPLICON	METAGENOMIC	freshwater metagenome	SRS6542182	SAMN14689602
10667303	SRX8183114	SRR11617021	16S of V6: soil	AMPLICON	METAGENOMIC	freshwater metagenome	SRS6542181	SAMN14689745
10667302	SRX8183113	SRR11617022	16S of V6: soil	AMPLICON	METAGENOMIC	freshwater metagenome	SRS6542180	SAMN14689744
10667301	SRX8183112	SRR11617023	16S of V6: water	AMPLICON	METAGENOMIC	freshwater metagenome	SRS6542179	SAMN14689974
10667300	SRX8183111	SRR11617024	16S of V6: water	AMPLICON	METAGENOMIC	freshwater metagenome	SRS6542178	SAMN14689973
10667299	SRX8183110	SRR11617025	16S of V6: water	AMPLICON	METAGENOMIC	freshwater metagenome	SRS6542177	SAMN14689972
10667298	SRX8183109	SRR11617026	16S of V6: water	AMPLICON	METAGENOMIC	freshwater metagenome	SRS6542176	SAMN14689971
10667297	SRX8183108	SRR11617027	16S of V6: water	AMPLICON	METAGENOMIC	freshwater metagenome	SRS6542175	SAMN14689970
10667296	SRX8183107	SRR11617028	16S of V6: water	AMPLICON	METAGENOMIC	freshwater metagenome	SRS6542174	SAMN14689969
10667295	SRX8183106	SRR11617029	16S of V6: water	AMPLICON	METAGENOMIC	freshwater metagenome	SRS6542172	SAMN14689968
10667294	SRX8183105	SRR11617030	16S of V6: water	AMPLICON	METAGENOMIC	freshwater metagenome	SRS6542173	SAMN14689967
10667293	SRX8183104	SRR11617031	16S of V6: water	AMPLICON	METAGENOMIC	freshwater metagenome	SRS6542171	SAMN14689966
10667292	SRX8183103	SRR11617032	16S of V6: water	AMPLICON	METAGENOMIC	freshwater metagenome	SRS6542170	SAMN14689624
10667291	SRX8183102	SRR11617033	16S of V6: water	AMPLICON	METAGENOMIC	freshwater metagenome	SRS6542169	SAMN14689965
10667290	SRX8183101	SRR11617034	16S of V6: water	AMPLICON	METAGENOMIC	freshwater metagenome	SRS6542168	SAMN14689964
10667289	SRX8183100	SRR11617035	16S of V6: water	AMPLICON	METAGENOMIC	freshwater metagenome	SRS6542167	SAMN14689963
10667288	SRX8183099	SRR11617036	16S of V6: water	AMPLICON	METAGENOMIC	freshwater metagenome	SRS6542166	SAMN14689962
10667287	SRX8183098	SRR11617037	16S of V6: water	AMPLICON	METAGENOMIC	freshwater metagenome	SRS6542164	SAMN14689961
10667286	SRX8183097	SRR11617038	16S of V6: water	AMPLICON	METAGENOMIC	freshwater metagenome	SRS6542165	SAMN14689960
10667285	SRX8183096	SRR11617039	16S of V6: soil	AMPLICON	METAGENOMIC	freshwater metagenome	SRS6542163	SAMN14689743
10667284	SRX8183095	SRR11617040	16S of V6: soil	AMPLICON	METAGENOMIC	freshwater metagenome	SRS6542162	SAMN14689742
10667283	SRX8183094	SRR11617041	16S of V6: soil	AMPLICON	METAGENOMIC	freshwater metagenome	SRS6542161	SAMN14689741
10667282	SRX8183093	SRR11617042	16S of V6: soil	AMPLICON	METAGENOMIC	freshwater metagenome	SRS6542160	SAMN14689740
10667281	SRX8183092	SRR11617043	16S of V6: soil	AMPLICON	METAGENOMIC	freshwater metagenome	SRS6542159	SAMN14689739
10667280	SRX8183091	SRR11617044	16S of V6: soil	AMPLICON	METAGENOMIC	freshwater metagenome	SRS6542157	SAMN14689738
10667279	SRX8183090	SRR11617045	16S of V6: soil	AMPLICON	METAGENOMIC	freshwater metagenome	SRS6542158	SAMN14689737
10667278	SRX8183089	SRR11617046	16S of V6: soil	AMPLICON	METAGENOMIC	freshwater metagenome	SRS6542156	SAMN14689736
10667277	SRX8183088	SRR11617047	16S of V6: water	AMPLICON	METAGENOMIC	freshwater metagenome	SRS6542154	SAMN14689601
10667276	SRX8183087	SRR11617048	16S of V6: soil	AMPLICON	METAGENOMIC	freshwater metagenome	SRS6542155	SAMN14689735
10667275	SRX8183086	SRR11617049	16S of V6: soil	AMPLICON	METAGENOMIC	freshwater metagenome	SRS6542153	SAMN14689734
10667274	SRX8183085	SRR11617050	16S of V6: sediment	AMPLICON	METAGENOMIC	freshwater metagenome	SRS6542152	SAMN14689733
10667273	SRX8183084	SRR11617051	16S of V6: soil	AMPLICON	METAGENOMIC	freshwater metagenome	SRS6542151	SAMN14689732
10667272	SRX8183083	SRR11617052	16S of V6: soil	AMPLICON	METAGENOMIC	freshwater metagenome	SRS6542150	SAMN14689731
10667271	SRX8183082	SRR11617053	16S of V6: soil	AMPLICON	METAGENOMIC	freshwater metagenome	SRS6542149	SAMN14689730
10667270	SRX8183081	SRR11617054	16S of V6: soil	AMPLICON	METAGENOMIC	freshwater metagenome	SRS6542148	SAMN14689729
10667269	SRX8183080	SRR11617055	16S of V6: soil	AMPLICON	METAGENOMIC	freshwater metagenome	SRS6542147	SAMN14689728
10667268	SRX8183079	SRR11617056	16S of V6: soil	AMPLICON	METAGENOMIC	freshwater metagenome	SRS6542146	SAMN14689727
10667267	SRX8183078	SRR11617057	16S of V6: sediment	AMPLICON	METAGENOMIC	freshwater metagenome	SRS6542145	SAMN14689726
10667266	SRX8183077	SRR11617058	16S of V6: water	AMPLICON	METAGENOMIC	freshwater metagenome	SRS6542144	SAMN14689600
10667265	SRX8183076	SRR11617059	16S of V6: sediment	AMPLICON	METAGENOMIC	freshwater metagenome	SRS6542143	SAMN14689725
10667264	SRX8183075	SRR11617060	16S of V6: sediment	AMPLICON	METAGENOMIC	freshwater metagenome	SRS6542142	SAMN14689724
10667263	SRX8183074	SRR11617061	16S of V6: sediment	AMPLICON	METAGENOMIC	freshwater metagenome	SRS6542141	SAMN14689723
10667262	SRX8183073	SRR11617062	16S of V6: sediment	AMPLICON	METAGENOMIC	freshwater metagenome	SRS6542140	SAMN14689722
10667261	SRX8183072	SRR11617063	16S of V6: sediment	AMPLICON	METAGENOMIC	freshwater metagenome	SRS6542139	SAMN14689721
10667260	SRX8183071	SRR11617064	16S of V6: sediment	AMPLICON	METAGENOMIC	freshwater metagenome	SRS6542138	SAMN14689720
10667259	SRX8183070	SRR11617065	16S of V6: sediment	AMPLICON	METAGENOMIC	freshwater metagenome	SRS6542137	SAMN14689719
10667258	SRX8183069	SRR11617066	16S of V6: sediment	AMPLICON	METAGENOMIC	freshwater metagenome	SRS6542136	SAMN14689718
10667257	SRX8183068	SRR11617067	16S of V6: sediment	AMPLICON	METAGENOMIC	freshwater metagenome	SRS6542135	SAMN14689717
10667256	SRX8183067	SRR11617068	16S of V6: sediment	AMPLICON	METAGENOMIC	freshwater metagenome	SRS6542134	SAMN14689716
10667255	SRX8183066	SRR11617069	16S of V6: water	AMPLICON	METAGENOMIC	freshwater metagenome	SRS6542133	SAMN14689599
10667254	SRX8183065	SRR11617070	16S of V6: sediment	AMPLICON	METAGENOMIC	freshwater metagenome	SRS6542132	SAMN14689715
10667253	SRX8183064	SRR11617071	16S of V6: water	AMPLICON	METAGENOMIC	freshwater metagenome	SRS6542131	SAMN14689959
10667252	SRX8183063	SRR11617072	16S of V6: water	AMPLICON	METAGENOMIC	freshwater metagenome	SRS6542130	SAMN14689958
10667251	SRX8183062	SRR11617073	16S of V6: water	AMPLICON	METAGENOMIC	freshwater metagenome	SRS6542129	SAMN14689957
10667250	SRX8183061	SRR11617074	16S of V6: water	AMPLICON	METAGENOMIC	freshwater metagenome	SRS6542128	SAMN14689956
10667249	SRX8183060	SRR11617075	16S of V6: water	AMPLICON	METAGENOMIC	freshwater metagenome	SRS6542127	SAMN14689623
10667248	SRX8183059	SRR11617076	16S of V6: water	AMPLICON	METAGENOMIC	freshwater metagenome	SRS6542126	SAMN14689955
10667247	SRX8183058	SRR11616733	16S of V6: water	AMPLICON	METAGENOMIC	freshwater metagenome	SRS6542125	SAMN14689954
10667246	SRX8183057	SRR11616734	16S of V6: water	AMPLICON	METAGENOMIC	freshwater metagenome	SRS6542123	SAMN14689953
10667245	SRX8183056	SRR11616735	16S of V6: water	AMPLICON	METAGENOMIC	freshwater metagenome	SRS6542124	SAMN14689952
10667244	SRX8183055	SRR11616736	16S of V6: water	AMPLICON	METAGENOMIC	freshwater metagenome	SRS6542121	SAMN14689951
10667243	SRX8183054	SRR11616737	16S of V6: water	AMPLICON	METAGENOMIC	freshwater metagenome	SRS6542122	SAMN14689950
10667242	SRX8183053	SRR11616738	16S of V6: water	AMPLICON	METAGENOMIC	freshwater metagenome	SRS6542120	SAMN14689949
10667241	SRX8183052	SRR11616739	16S of V6: water	AMPLICON	METAGENOMIC	freshwater metagenome	SRS6542119	SAMN14689948
10667240	SRX8183051	SRR11616740	16S of V6: water	AMPLICON	METAGENOMIC	freshwater metagenome	SRS6542118	SAMN14689947
10667239	SRX8183050	SRR11616741	16S of V6: water	AMPLICON	METAGENOMIC	freshwater metagenome	SRS6542117	SAMN14689946
10667238	SRX8183049	SRR11616742	16S of V6: water	AMPLICON	METAGENOMIC	freshwater metagenome	SRS6542116	SAMN14689622
10667237	SRX8183048	SRR11616743	16S of V6: sediment	AMPLICON	METAGENOMIC	freshwater metagenome	SRS6542115	SAMN14689714
10667236	SRX8183047	SRR11616744	16S of V6: sediment	AMPLICON	METAGENOMIC	freshwater metagenome	SRS6542114	SAMN14689713
10667235	SRX8183046	SRR11616745	16S of V6: sediment	AMPLICON	METAGENOMIC	freshwater metagenome	SRS6542113	SAMN14689712
10667234	SRX8183045	SRR11616746	16S of V6: soil	AMPLICON	METAGENOMIC	freshwater metagenome	SRS6542112	SAMN14689711
10667233	SRX8183044	SRR11616747	16S of V6: soil	AMPLICON	METAGENOMIC	freshwater metagenome	SRS6542110	SAMN14689710
10667232	SRX8183043	SRR11616748	16S of V6: soil	AMPLICON	METAGENOMIC	freshwater metagenome	SRS6542111	SAMN14689709
10667231	SRX8183042	SRR11616749	16S of V6: soil	AMPLICON	METAGENOMIC	freshwater metagenome	SRS6542109	SAMN14689708
10667230	SRX8183041	SRR11616750	16S of V6: soil	AMPLICON	METAGENOMIC	freshwater metagenome	SRS6542108	SAMN14689707
10667229	SRX8183040	SRR11616751	16S of V6: soil	AMPLICON	METAGENOMIC	freshwater metagenome	SRS6542107	SAMN14689706
10667228	SRX8183039	SRR11616752	16S of V6: water	AMPLICON	METAGENOMIC	freshwater metagenome	SRS6542106	SAMN14689598
10667227	SRX8183038	SRR11616753	16S of V6: sediment	AMPLICON	METAGENOMIC	freshwater metagenome	SRS6542104	SAMN14689705
10667226	SRX8183037	SRR11616754	16S of V6: sediment	AMPLICON	METAGENOMIC	freshwater metagenome	SRS6542105	SAMN14689704
10667225	SRX8183036	SRR11616755	16S of V6: sediment	AMPLICON	METAGENOMIC	freshwater metagenome	SRS6542103	SAMN14689703
10667224	SRX8183035	SRR11616756	16S of V6: soil	AMPLICON	METAGENOMIC	freshwater metagenome	SRS6542102	SAMN14689702
10667223	SRX8183034	SRR11616757	16S of V6: soil	AMPLICON	METAGENOMIC	freshwater metagenome	SRS6542101	SAMN14689701
10667222	SRX8183033	SRR11616758	16S of V6: soil	AMPLICON	METAGENOMIC	freshwater metagenome	SRS6542100	SAMN14689700
10667221	SRX8183032	SRR11616759	16S of V6: water	AMPLICON	METAGENOMIC	freshwater metagenome	SRS6542099	SAMN14689945
10667220	SRX8183031	SRR11616760	16S of V6: water	AMPLICON	METAGENOMIC	freshwater metagenome	SRS6542098	SAMN14689944
10667219	SRX8183030	SRR11616761	16S of V6: water	AMPLICON	METAGENOMIC	freshwater metagenome	SRS6542097	SAMN14689943
10667218	SRX8183029	SRR11616762	16S of V6: water	AMPLICON	METAGENOMIC	freshwater metagenome	SRS6542096	SAMN14689942
10667217	SRX8183028	SRR11616763	16S of V6: water	AMPLICON	METAGENOMIC	freshwater metagenome	SRS6542095	SAMN14689941
10667216	SRX8183027	SRR11616764	16S of V6: water	AMPLICON	METAGENOMIC	freshwater metagenome	SRS6542094	SAMN14689940
10667215	SRX8183026	SRR11616765	16S of V6: water	AMPLICON	METAGENOMIC	freshwater metagenome	SRS6542092	SAMN14689939
10667214	SRX8183025	SRR11616766	16S of V6: water	AMPLICON	METAGENOMIC	freshwater metagenome	SRS6542093	SAMN14689938
10667213	SRX8183024	SRR11616767	16S of V6: water	AMPLICON	METAGENOMIC	freshwater metagenome	SRS6542091	SAMN14689937
10667212	SRX8183023	SRR11616768	16S of V6: water	AMPLICON	METAGENOMIC	freshwater metagenome	SRS6542089	SAMN14689936
10667211	SRX8183022	SRR11616769	16S of V6: water	AMPLICON	METAGENOMIC	freshwater metagenome	SRS6542090	SAMN14689621
10667210	SRX8183021	SRR11616770	16S of V6: water	AMPLICON	METAGENOMIC	freshwater metagenome	SRS6542088	SAMN14689935
10667209	SRX8183020	SRR11616771	16S of V6: water	AMPLICON	METAGENOMIC	freshwater metagenome	SRS6542087	SAMN14689934
10667208	SRX8183019	SRR11616772	16S of V6: water	AMPLICON	METAGENOMIC	freshwater metagenome	SRS6542086	SAMN14689933
10667207	SRX8183018	SRR11616773	16S of V6: water	AMPLICON	METAGENOMIC	freshwater metagenome	SRS6542085	SAMN14689932
10667206	SRX8183017	SRR11616774	16S of V6: water	AMPLICON	METAGENOMIC	freshwater metagenome	SRS6542084	SAMN14689931
10667205	SRX8183016	SRR11616775	16S of V6: water	AMPLICON	METAGENOMIC	freshwater metagenome	SRS6542083	SAMN14689930
10667204	SRX8183015	SRR11616776	16S of V6: water	AMPLICON	METAGENOMIC	freshwater metagenome	SRS6542082	SAMN14689929
10667203	SRX8183014	SRR11616777	16S of V6: water	AMPLICON	METAGENOMIC	freshwater metagenome	SRS6542081	SAMN14689928
10667202	SRX8183013	SRR11616778	16S of V6: water	AMPLICON	METAGENOMIC	freshwater metagenome	SRS6542080	SAMN14689927
10667201	SRX8183012	SRR11616779	16S of V6: water	AMPLICON	METAGENOMIC	freshwater metagenome	SRS6542079	SAMN14689926
10667200	SRX8183011	SRR11616780	16S of V6: water	AMPLICON	METAGENOMIC	freshwater metagenome	SRS6542078	SAMN14689620
10667199	SRX8183010	SRR11616781	16S of V6: water	AMPLICON	METAGENOMIC	freshwater metagenome	SRS6542077	SAMN14689925
10667198	SRX8183009	SRR11616782	16S of V6: water	AMPLICON	METAGENOMIC	freshwater metagenome	SRS6542076	SAMN14689924
10667197	SRX8183008	SRR11616783	16S of V6: water	AMPLICON	METAGENOMIC	freshwater metagenome	SRS6542075	SAMN14689923
10667196	SRX8183007	SRR11616784	16S of V6: water	AMPLICON	METAGENOMIC	freshwater metagenome	SRS6542074	SAMN14689922
10667195	SRX8183006	SRR11616785	16S of V6: water	AMPLICON	METAGENOMIC	freshwater metagenome	SRS6542073	SAMN14689921
10667194	SRX8183005	SRR11616786	16S of V6: water	AMPLICON	METAGENOMIC	freshwater metagenome	SRS6542072	SAMN14689920
10667193	SRX8183004	SRR11616787	16S of V6: water	AMPLICON	METAGENOMIC	freshwater metagenome	SRS6542071	SAMN14689919
10667192	SRX8183003	SRR11616788	16S of V6: water	AMPLICON	METAGENOMIC	freshwater metagenome	SRS6542069	SAMN14689918
10667191	SRX8183002	SRR11616789	16S of V6: water	AMPLICON	METAGENOMIC	freshwater metagenome	SRS6542070	SAMN14689917
10667190	SRX8183001	SRR11616790	16S of V6: water	AMPLICON	METAGENOMIC	freshwater metagenome	SRS6542068	SAMN14689916
10667189	SRX8183000	SRR11616791	16S of V6: sediment	AMPLICON	METAGENOMIC	freshwater metagenome	SRS6542067	SAMN14689699
10667188	SRX8182999	SRR11616792	16S of V6: sediment	AMPLICON	METAGENOMIC	freshwater metagenome	SRS6542066	SAMN14689698
10667187	SRX8182998	SRR11616793	16S of V6: sediment	AMPLICON	METAGENOMIC	freshwater metagenome	SRS6542065	SAMN14689697
10667186	SRX8182997	SRR11616794	16S of V6: sediment	AMPLICON	METAGENOMIC	freshwater metagenome	SRS6542064	SAMN14689696
10667185	SRX8182996	SRR11616795	16S of V6: water	AMPLICON	METAGENOMIC	freshwater metagenome	SRS6542063	SAMN14689597
10667184	SRX8182995	SRR11616796	16S of V6: sediment	AMPLICON	METAGENOMIC	freshwater metagenome	SRS6542062	SAMN14689695
10667183	SRX8182994	SRR11616797	16S of V6: sediment	AMPLICON	METAGENOMIC	freshwater metagenome	SRS6542061	SAMN14689694
10667182	SRX8182993	SRR11616798	16S of V6: water	AMPLICON	METAGENOMIC	freshwater metagenome	SRS6542059	SAMN14689693
10667181	SRX8182992	SRR11616799	16S of V6: water	AMPLICON	METAGENOMIC	freshwater metagenome	SRS6542058	SAMN14689692
10667180	SRX8182991	SRR11616800	16S of V6: water	AMPLICON	METAGENOMIC	freshwater metagenome	SRS6542057	SAMN14689691
10667179	SRX8182990	SRR11616801	16S of V6: water	AMPLICON	METAGENOMIC	freshwater metagenome	SRS6542056	SAMN14689690
10667178	SRX8182989	SRR11616802	16S of V6: water	AMPLICON	METAGENOMIC	freshwater metagenome	SRS6542055	SAMN14689689
10667177	SRX8182988	SRR11616803	16S of V6: water	AMPLICON	METAGENOMIC	freshwater metagenome	SRS6542054	SAMN14689688
10667176	SRX8182987	SRR11616804	16S of V6: water	AMPLICON	METAGENOMIC	freshwater metagenome	SRS6542053	SAMN14689687
10667175	SRX8182986	SRR11616805	16S of V6: water	AMPLICON	METAGENOMIC	freshwater metagenome	SRS6542052	SAMN14689686
10667174	SRX8182985	SRR11616806	16S of V6: water	AMPLICON	METAGENOMIC	freshwater metagenome	SRS6542051	SAMN14689596
10667173	SRX8182984	SRR11616807	16S of V6: water	AMPLICON	METAGENOMIC	freshwater metagenome	SRS6542050	SAMN14689619
10667172	SRX8182983	SRR11616808	16S of V6: water	AMPLICON	METAGENOMIC	freshwater metagenome	SRS6542060	SAMN14689915
10667171	SRX8182982	SRR11616809	16S of V6: water	AMPLICON	METAGENOMIC	freshwater metagenome	SRS6542049	SAMN14689914
10667170	SRX8182981	SRR11616810	16S of V6: water	AMPLICON	METAGENOMIC	freshwater metagenome	SRS6542048	SAMN14689913
10667169	SRX8182980	SRR11616811	16S of V6: water	AMPLICON	METAGENOMIC	freshwater metagenome	SRS6542047	SAMN14689912
10667168	SRX8182979	SRR11616812	16S of V6: water	AMPLICON	METAGENOMIC	freshwater metagenome	SRS6542046	SAMN14689911
10667167	SRX8182978	SRR11616813	16S of V6: water	AMPLICON	METAGENOMIC	freshwater metagenome	SRS6542045	SAMN14689910
10667166	SRX8182977	SRR11616814	16S of V6: water	AMPLICON	METAGENOMIC	freshwater metagenome	SRS6542044	SAMN14689909
10667165	SRX8182976	SRR11616815	16S of V6: water	AMPLICON	METAGENOMIC	freshwater metagenome	SRS6542043	SAMN14689908
10667164	SRX8182975	SRR11616816	16S of V6: water	AMPLICON	METAGENOMIC	freshwater metagenome	SRS6542042	SAMN14689907
10667163	SRX8182974	SRR11616817	16S of V6: water	AMPLICON	METAGENOMIC	freshwater metagenome	SRS6542041	SAMN14689906
10667162	SRX8182973	SRR11616818	16S of V6: water	AMPLICON	METAGENOMIC	freshwater metagenome	SRS6542040	SAMN14689618
10667161	SRX8182972	SRR11616819	16S of V6: water	AMPLICON	METAGENOMIC	freshwater metagenome	SRS6542039	SAMN14689905
10667160	SRX8182971	SRR11616820	16S of V6: water	AMPLICON	METAGENOMIC	freshwater metagenome	SRS6542038	SAMN14689904
10667159	SRX8182970	SRR11616821	16S of V6: water	AMPLICON	METAGENOMIC	freshwater metagenome	SRS6542037	SAMN14689903
10667158	SRX8182969	SRR11616822	16S of V6: water	AMPLICON	METAGENOMIC	freshwater metagenome	SRS6542036	SAMN14689902
10667157	SRX8182968	SRR11616823	16S of V6: water	AMPLICON	METAGENOMIC	freshwater metagenome	SRS6542035	SAMN14689901
10667156	SRX8182967	SRR11616824	16S of V6: water	AMPLICON	METAGENOMIC	freshwater metagenome	SRS6542034	SAMN14689900
10667155	SRX8182966	SRR11616825	16S of V6: water	AMPLICON	METAGENOMIC	freshwater metagenome	SRS6542033	SAMN14689899
10667154	SRX8182965	SRR11616826	16S of V6: water	AMPLICON	METAGENOMIC	freshwater metagenome	SRS6542032	SAMN14689898
10667153	SRX8182964	SRR11616827	16S of V6: water	AMPLICON	METAGENOMIC	freshwater metagenome	SRS6542031	SAMN14689897
10667152	SRX8182963	SRR11616828	16S of V6: water	AMPLICON	METAGENOMIC	freshwater metagenome	SRS6542030	SAMN14689896
10667151	SRX8182962	SRR11616829	16S of V6: water	AMPLICON	METAGENOMIC	freshwater metagenome	SRS6542029	SAMN14689617
10667150	SRX8182961	SRR11616830	16S of V6: water	AMPLICON	METAGENOMIC	freshwater metagenome	SRS6542028	SAMN14689895
10667149	SRX8182960	SRR11616831	16S of V6: water	AMPLICON	METAGENOMIC	freshwater metagenome	SRS6542027	SAMN14689894
10667148	SRX8182959	SRR11616832	16S of V6: water	AMPLICON	METAGENOMIC	freshwater metagenome	SRS6542026	SAMN14689893
10667147	SRX8182958	SRR11616833	16S of V6: water	AMPLICON	METAGENOMIC	freshwater metagenome	SRS6542025	SAMN14689892
10667146	SRX8182957	SRR11616834	16S of V6: water	AMPLICON	METAGENOMIC	freshwater metagenome	SRS6542024	SAMN14689891
10667145	SRX8182956	SRR11616835	16S of V6: water	AMPLICON	METAGENOMIC	freshwater metagenome	SRS6542023	SAMN14689890
10667144	SRX8182955	SRR11616836	16S of V6: water	AMPLICON	METAGENOMIC	freshwater metagenome	SRS6542022	SAMN14689889
10667143	SRX8182954	SRR11616837	16S of V6: water	AMPLICON	METAGENOMIC	freshwater metagenome	SRS6542021	SAMN14689888
10667142	SRX8182953	SRR11616838	16S of V6: water	AMPLICON	METAGENOMIC	freshwater metagenome	SRS6542020	SAMN14689887
10667141	SRX8182952	SRR11616839	16S of V6: water	AMPLICON	METAGENOMIC	freshwater metagenome	SRS6542019	SAMN14689886
10667140	SRX8182951	SRR11616840	16S of V6: water	AMPLICON	METAGENOMIC	freshwater metagenome	SRS6542018	SAMN14689616
10667139	SRX8182950	SRR11616841	16S of V6: water	AMPLICON	METAGENOMIC	freshwater metagenome	SRS6542017	SAMN14689589
10667138	SRX8182949	SRR11616842	16S of V6: water	AMPLICON	METAGENOMIC	freshwater metagenome	SRS6542016	SAMN14689885
10667137	SRX8182948	SRR11616843	16S of V6: water	AMPLICON	METAGENOMIC	freshwater metagenome	SRS6542015	SAMN14689884
10667136	SRX8182947	SRR11616844	16S of V6: water	AMPLICON	METAGENOMIC	freshwater metagenome	SRS6542014	SAMN14689883
10667135	SRX8182946	SRR11616845	16S of V6: water	AMPLICON	METAGENOMIC	freshwater metagenome	SRS6542013	SAMN14689882
10667134	SRX8182945	SRR11616846	16S of V6: soil	AMPLICON	METAGENOMIC	freshwater metagenome	SRS6542012	SAMN14689881
10667133	SRX8182944	SRR11616847	16S of V6: soil	AMPLICON	METAGENOMIC	freshwater metagenome	SRS6542011	SAMN14689880
10667132	SRX8182943	SRR11616848	16S of V6: soil	AMPLICON	METAGENOMIC	freshwater metagenome	SRS6542010	SAMN14689879
10667131	SRX8182942	SRR11616849	16S of V6: soil	AMPLICON	METAGENOMIC	freshwater metagenome	SRS6542009	SAMN14689878
10667130	SRX8182941	SRR11616850	16S of V6: soil	AMPLICON	METAGENOMIC	freshwater metagenome	SRS6542008	SAMN14689877
10667129	SRX8182940	SRR11616851	16S of V6: soil	AMPLICON	METAGENOMIC	freshwater metagenome	SRS6542007	SAMN14689876
10667128	SRX8182939	SRR11616852	16S of V6: water	AMPLICON	METAGENOMIC	freshwater metagenome	SRS6542006	SAMN14689615
10667127	SRX8182938	SRR11616853	16S of V6: soil	AMPLICON	METAGENOMIC	freshwater metagenome	SRS6542005	SAMN14689875
10667126	SRX8182937	SRR11616854	16S of V6: soil	AMPLICON	METAGENOMIC	freshwater metagenome	SRS6542004	SAMN14689874
10667125	SRX8182936	SRR11616855	16S of V6: water	AMPLICON	METAGENOMIC	freshwater metagenome	SRS6542003	SAMN14689587
10667124	SRX8182935	SRR11616856	16S of V6: water	AMPLICON	METAGENOMIC	freshwater metagenome	SRS6542002	SAMN14689586
10667123	SRX8182934	SRR11616857	16S of V6: soil	AMPLICON	METAGENOMIC	freshwater metagenome	SRS6542001	SAMN14689873
10667122	SRX8182933	SRR11616858	16S of V6: soil	AMPLICON	METAGENOMIC	freshwater metagenome	SRS6542000	SAMN14689872
10667121	SRX8182932	SRR11616859	16S of V6: soil	AMPLICON	METAGENOMIC	freshwater metagenome	SRS6541999	SAMN14689871
10667120	SRX8182931	SRR11616860	16S of V6: soil	AMPLICON	METAGENOMIC	freshwater metagenome	SRS6541998	SAMN14689870
10667119	SRX8182930	SRR11616861	16S of V6: soil	AMPLICON	METAGENOMIC	freshwater metagenome	SRS6541997	SAMN14689869
10667118	SRX8182929	SRR11616862	16S of V6: soil	AMPLICON	METAGENOMIC	freshwater metagenome	SRS6541996	SAMN14689868
10667117	SRX8182928	SRR11616863	16S of V6: sediment	AMPLICON	METAGENOMIC	freshwater metagenome	SRS6541995	SAMN14689867
10667116	SRX8182927	SRR11616864	16S of V6: sediment	AMPLICON	METAGENOMIC	freshwater metagenome	SRS6541994	SAMN14689866
10667115	SRX8182926	SRR11616865	16S of V6: water	AMPLICON	METAGENOMIC	freshwater metagenome	SRS6541993	SAMN14689614
10667114	SRX8182925	SRR11616866	16S of V6: sediment	AMPLICON	METAGENOMIC	freshwater metagenome	SRS6541992	SAMN14689865
10667113	SRX8182924	SRR11616867	16S of V6: sediment	AMPLICON	METAGENOMIC	freshwater metagenome	SRS6541991	SAMN14689864
10667112	SRX8182923	SRR11616868	16S of V6: sediment	AMPLICON	METAGENOMIC	freshwater metagenome	SRS6541990	SAMN14689863
10667111	SRX8182922	SRR11616869	16S of V6: sediment	AMPLICON	METAGENOMIC	freshwater metagenome	SRS6541989	SAMN14689862
10667110	SRX8182921	SRR11616870	16S of V6: sediment	AMPLICON	METAGENOMIC	freshwater metagenome	SRS6541988	SAMN14689861
10667109	SRX8182920	SRR11616871	16S of V6: sediment	AMPLICON	METAGENOMIC	freshwater metagenome	SRS6541987	SAMN14689860
10667108	SRX8182919	SRR11616872	16S of V6: sediment	AMPLICON	METAGENOMIC	freshwater metagenome	SRS6541986	SAMN14689859
10667107	SRX8182918	SRR11616873	16S of V6: sediment	AMPLICON	METAGENOMIC	freshwater metagenome	SRS6541985	SAMN14689858
10667106	SRX8182917	SRR11616874	16S of V6: sediment	AMPLICON	METAGENOMIC	freshwater metagenome	SRS6541984	SAMN14689857
10667105	SRX8182916	SRR11616875	16S of V6: sediment	AMPLICON	METAGENOMIC	freshwater metagenome	SRS6541983	SAMN14689856
10667104	SRX8182915	SRR11616876	16S of V6: water	AMPLICON	METAGENOMIC	freshwater metagenome	SRS6541982	SAMN14689613
10667103	SRX8182914	SRR11616877	16S of V6: sediment	AMPLICON	METAGENOMIC	freshwater metagenome	SRS6541981	SAMN14689855
10667102	SRX8182913	SRR11616878	16S of V6: soil	AMPLICON	METAGENOMIC	freshwater metagenome	SRS6541980	SAMN14689854
10667101	SRX8182912	SRR11616879	16S of V6: soil	AMPLICON	METAGENOMIC	freshwater metagenome	SRS6541979	SAMN14689853
10667100	SRX8182911	SRR11616880	16S of V6: soil	AMPLICON	METAGENOMIC	freshwater metagenome	SRS6541978	SAMN14689852
10667099	SRX8182910	SRR11616881	16S of V6: sediment	AMPLICON	METAGENOMIC	freshwater metagenome	SRS6541977	SAMN14689851
10667098	SRX8182909	SRR11616882	16S of V6: sediment	AMPLICON	METAGENOMIC	freshwater metagenome	SRS6541976	SAMN14689850
10667097	SRX8182908	SRR11616883	16S of V6: soil	AMPLICON	METAGENOMIC	freshwater metagenome	SRS6541975	SAMN14689849
10667096	SRX8182907	SRR11616884	16S of V6: soil	AMPLICON	METAGENOMIC	freshwater metagenome	SRS6541974	SAMN14689848
10667095	SRX8182906	SRR11616885	16S of V6: soil	AMPLICON	METAGENOMIC	freshwater metagenome	SRS6541973	SAMN14689847
10667094	SRX8182905	SRR11616886	16S of V6: sediment	AMPLICON	METAGENOMIC	freshwater metagenome	SRS6541972	SAMN14689846
10667093	SRX8182904	SRR11616887	16S of V6: water	AMPLICON	METAGENOMIC	freshwater metagenome	SRS6541971	SAMN14689612
10667092	SRX8182903	SRR11616888	16S of V6: sediment	AMPLICON	METAGENOMIC	freshwater metagenome	SRS6541970	SAMN14689845
10667091	SRX8182902	SRR11616889	16S of V6: sediment	AMPLICON	METAGENOMIC	freshwater metagenome	SRS6541969	SAMN14689844
10667090	SRX8182901	SRR11616890	16S of V6: soil	AMPLICON	METAGENOMIC	freshwater metagenome	SRS6541968	SAMN14689843
10667089	SRX8182900	SRR11616891	16S of V6: soil	AMPLICON	METAGENOMIC	freshwater metagenome	SRS6541967	SAMN14689842
10667088	SRX8182899	SRR11616892	16S of V6: soil	AMPLICON	METAGENOMIC	freshwater metagenome	SRS6541966	SAMN14689841
10667087	SRX8182898	SRR11616893	16S of V6: sediment	AMPLICON	METAGENOMIC	freshwater metagenome	SRS6541965	SAMN14689840
10667086	SRX8182897	SRR11616894	16S of V6: sediment	AMPLICON	METAGENOMIC	freshwater metagenome	SRS6541964	SAMN14689839
10667085	SRX8182896	SRR11616895	16S of V6: sediment	AMPLICON	METAGENOMIC	freshwater metagenome	SRS6541963	SAMN14689838
10667084	SRX8182895	SRR11616896	16S of V6: sediment	AMPLICON	METAGENOMIC	freshwater metagenome	SRS6541962	SAMN14689837
10667083	SRX8182894	SRR11616897	16S of V6: sediment	AMPLICON	METAGENOMIC	freshwater metagenome	SRS6541961	SAMN14689836
10667082	SRX8182893	SRR11616898	16S of V6: water	AMPLICON	METAGENOMIC	freshwater metagenome	SRS6541960	SAMN14689611
10667081	SRX8182892	SRR11616899	16S of V6: sediment	AMPLICON	METAGENOMIC	freshwater metagenome	SRS6541959	SAMN14689835
10667080	SRX8182891	SRR11616900	16S of V6: sediment	AMPLICON	METAGENOMIC	freshwater metagenome	SRS6541958	SAMN14689834
10667079	SRX8182890	SRR11616901	16S of V6: sediment	AMPLICON	METAGENOMIC	freshwater metagenome	SRS6541957	SAMN14689833
10667078	SRX8182889	SRR11616902	16S of V6: sediment	AMPLICON	METAGENOMIC	freshwater metagenome	SRS6541956	SAMN14689832
10667077	SRX8182888	SRR11616903	16S of V6: soil	AMPLICON	METAGENOMIC	freshwater metagenome	SRS6541955	SAMN14689831
10667076	SRX8182887	SRR11616904	16S of V6: soil	AMPLICON	METAGENOMIC	freshwater metagenome	SRS6541954	SAMN14689830
4668822	SRX3339693	SRR6231130	WGS Sequencing UEGP wasewater	WGS	METAGENOMIC	wastewater metagenome	SRS2635521	SAMN07839266
4668821	SRX3339692	SRR6231131	WGS Sequencing UEGP wasewater	WGS	METAGENOMIC	wastewater metagenome	SRS2635522	SAMN07839265
4668820	SRX3339691	SRR6231132	WGS Sequencing UEGP wasewater	WGS	METAGENOMIC	wastewater metagenome	SRS2635519	SAMN07839268
4668819	SRX3339690	SRR6231133	WGS Sequencing UEGP wasewater	WGS	METAGENOMIC	wastewater metagenome	SRS2635520	SAMN07839267
4668818	SRX3339689	SRR6231134	WGS Sequencing UEGP wasewater	WGS	METAGENOMIC	wastewater metagenome	SRS2635518	SAMN07839262
4668817	SRX3339688	SRR6231135	WGS Sequencing UEGP wasewater	WGS	METAGENOMIC	wastewater metagenome	SRS2635517	SAMN07839261
4668816	SRX3339687	SRR6231136	WGS Sequencing UEGP wasewater	WGS	METAGENOMIC	wastewater metagenome	SRS2635515	SAMN07839264
4668815	SRX3339686	SRR6231137	WGS Sequencing UEGP wasewater	WGS	METAGENOMIC	wastewater metagenome	SRS2635516	SAMN07839263
4668814	SRX3339685	SRR6231138	WGS Sequencing UEGP wasewater	WGS	METAGENOMIC	wastewater metagenome	SRS2635523	SAMN07839270
4668813	SRX3339684	SRR6231139	WGS Sequencing UEGP wasewater	WGS	METAGENOMIC	wastewater metagenome	SRS2635524	SAMN07839269
4668812	SRX3339683	SRR6231140	WGS Sequencing UEGP wasewater	WGS	METAGENOMIC	wastewater metagenome	SRS2635513	SAMN07839331
4668811	SRX3339682	SRR6231141	WGS Sequencing UEGP wasewater	WGS	METAGENOMIC	wastewater metagenome	SRS2635514	SAMN07839332
4668810	SRX3339681	SRR6231142	WGS Sequencing UEGP wasewater	WGS	METAGENOMIC	wastewater metagenome	SRS2635529	SAMN07839277
4668809	SRX3339680	SRR6231143	WGS Sequencing UEGP wasewater	WGS	METAGENOMIC	wastewater metagenome	SRS2635530	SAMN07839278
4668808	SRX3339679	SRR6231144	WGS Sequencing UEGP wasewater	WGS	METAGENOMIC	wastewater metagenome	SRS2635527	SAMN07839275
4668807	SRX3339678	SRR6231145	WGS Sequencing UEGP wasewater	WGS	METAGENOMIC	wastewater metagenome	SRS2635528	SAMN07839276
4668806	SRX3339677	SRR6231146	WGS Sequencing UEGP wasewater	WGS	METAGENOMIC	wastewater metagenome	SRS2635533	SAMN07839273
4668805	SRX3339676	SRR6231147	WGS Sequencing UEGP wasewater	WGS	METAGENOMIC	wastewater metagenome	SRS2635534	SAMN07839274
4668804	SRX3339675	SRR6231148	WGS Sequencing UEGP wasewater	WGS	METAGENOMIC	wastewater metagenome	SRS2635531	SAMN07839271
4668803	SRX3339674	SRR6231149	WGS Sequencing UEGP wasewater	WGS	METAGENOMIC	wastewater metagenome	SRS2635532	SAMN07839272
4668802	SRX3339673	SRR6231150	WGS Sequencing UEGP wasewater	WGS	METAGENOMIC	wastewater metagenome	SRS2635525	SAMN07839279
4668801	SRX3339672	SRR6231151	WGS Sequencing UEGP wasewater	WGS	METAGENOMIC	wastewater metagenome	SRS2635526	SAMN07839280
4668800	SRX3339671	SRR6231152	WGS Sequencing UEGP wasewater	WGS	METAGENOMIC	wastewater metagenome	SRS2635539	SAMN07839284
4668799	SRX3339670	SRR6231153	WGS Sequencing UEGP wasewater	WGS	METAGENOMIC	wastewater metagenome	SRS2635540	SAMN07839283
4668798	SRX3339669	SRR6231154	WGS Sequencing UEGP wasewater	WGS	METAGENOMIC	wastewater metagenome	SRS2635536	SAMN07839282
4668797	SRX3339668	SRR6231155	WGS Sequencing UEGP wasewater	WGS	METAGENOMIC	wastewater metagenome	SRS2635537	SAMN07839281
4668796	SRX3339667	SRR6231156	WGS Sequencing UEGP wasewater	WGS	METAGENOMIC	wastewater metagenome	SRS2635542	SAMN07839288
4668795	SRX3339666	SRR6231157	WGS Sequencing UEGP wasewater	WGS	METAGENOMIC	wastewater metagenome	SRS2635544	SAMN07839287
4668794	SRX3339665	SRR6231158	WGS Sequencing UEGP wasewater	WGS	METAGENOMIC	wastewater metagenome	SRS2635541	SAMN07839286
4668793	SRX3339664	SRR6231159	WGS Sequencing UEGP wasewater	WGS	METAGENOMIC	wastewater metagenome	SRS2635543	SAMN07839285
4668792	SRX3339663	SRR6231160	WGS Sequencing UEGP wasewater	WGS	METAGENOMIC	wastewater metagenome	SRS2635535	SAMN07839290
4668791	SRX3339662	SRR6231161	WGS Sequencing UEGP wasewater	WGS	METAGENOMIC	wastewater metagenome	SRS2635538	SAMN07839289
4668790	SRX3339661	SRR6231162	WGS Sequencing UEGP wasewater	WGS	METAGENOMIC	wastewater metagenome	SRS2635453	SAMN07839299
4668789	SRX3339660	SRR6231163	WGS Sequencing UEGP wasewater	WGS	METAGENOMIC	wastewater metagenome	SRS2635454	SAMN07839300
4668788	SRX3339659	SRR6231164	WGS Sequencing UEGP wasewater	WGS	METAGENOMIC	wastewater metagenome	SRS2635461	SAMN07839295
4668787	SRX3339658	SRR6231165	WGS Sequencing UEGP wasewater	WGS	METAGENOMIC	wastewater metagenome	SRS2635462	SAMN07839296
4668786	SRX3339657	SRR6231166	WGS Sequencing UEGP wasewater	WGS	METAGENOMIC	wastewater metagenome	SRS2635459	SAMN07839297
4668785	SRX3339656	SRR6231167	WGS Sequencing UEGP wasewater	WGS	METAGENOMIC	wastewater metagenome	SRS2635460	SAMN07839298
4668784	SRX3339655	SRR6231168	WGS Sequencing UEGP wasewater	WGS	METAGENOMIC	wastewater metagenome	SRS2635457	SAMN07839291
4668783	SRX3339654	SRR6231169	WGS Sequencing UEGP wasewater	WGS	METAGENOMIC	wastewater metagenome	SRS2635458	SAMN07839292
4668782	SRX3339653	SRR6231170	WGS Sequencing UEGP wasewater	WGS	METAGENOMIC	wastewater metagenome	SRS2635455	SAMN07839293
4668781	SRX3339652	SRR6231171	WGS Sequencing UEGP wasewater	WGS	METAGENOMIC	wastewater metagenome	SRS2635456	SAMN07839294
4668780	SRX3339651	SRR6231172	WGS Sequencing UEGP wasewater	WGS	METAGENOMIC	wastewater metagenome	SRS2635471	SAMN07839310
4668779	SRX3339650	SRR6231173	WGS Sequencing UEGP wasewater	WGS	METAGENOMIC	wastewater metagenome	SRS2635472	SAMN07839309
4668778	SRX3339649	SRR6231174	WGS Sequencing UEGP wasewater	WGS	METAGENOMIC	wastewater metagenome	SRS2635469	SAMN07839302
4668777	SRX3339648	SRR6231175	WGS Sequencing UEGP wasewater	WGS	METAGENOMIC	wastewater metagenome	SRS2635470	SAMN07839301
4668776	SRX3339647	SRR6231176	WGS Sequencing UEGP wasewater	WGS	METAGENOMIC	wastewater metagenome	SRS2635467	SAMN07839304
4668775	SRX3339646	SRR6231177	WGS Sequencing UEGP wasewater	WGS	METAGENOMIC	wastewater metagenome	SRS2635468	SAMN07839303
4668774	SRX3339645	SRR6231178	WGS Sequencing UEGP wasewater	WGS	METAGENOMIC	wastewater metagenome	SRS2635465	SAMN07839306
4668773	SRX3339644	SRR6231179	WGS Sequencing UEGP wasewater	WGS	METAGENOMIC	wastewater metagenome	SRS2635466	SAMN07839305
4668772	SRX3339643	SRR6231180	WGS Sequencing UEGP wasewater	WGS	METAGENOMIC	wastewater metagenome	SRS2635463	SAMN07839308
4668771	SRX3339642	SRR6231181	WGS Sequencing UEGP wasewater	WGS	METAGENOMIC	wastewater metagenome	SRS2635464	SAMN07839307
4668770	SRX3339641	SRR6231182	WGS Sequencing UEGP wasewater	WGS	METAGENOMIC	wastewater metagenome	SRS2635481	SAMN07839319
4668769	SRX3339640	SRR6231183	WGS Sequencing UEGP wasewater	WGS	METAGENOMIC	wastewater metagenome	SRS2635482	SAMN07839320
4668768	SRX3339639	SRR6231184	WGS Sequencing UEGP wasewater	WGS	METAGENOMIC	wastewater metagenome	SRS2635475	SAMN07839313
4668767	SRX3339638	SRR6231185	WGS Sequencing UEGP wasewater	WGS	METAGENOMIC	wastewater metagenome	SRS2635476	SAMN07839314
4668766	SRX3339637	SRR6231186	WGS Sequencing UEGP wasewater	WGS	METAGENOMIC	wastewater metagenome	SRS2635473	SAMN07839311
4668765	SRX3339636	SRR6231187	WGS Sequencing UEGP wasewater	WGS	METAGENOMIC	wastewater metagenome	SRS2635474	SAMN07839312
4668764	SRX3339635	SRR6231188	WGS Sequencing UEGP wasewater	WGS	METAGENOMIC	wastewater metagenome	SRS2635479	SAMN07839317
4668763	SRX3339634	SRR6231189	WGS Sequencing UEGP wasewater	WGS	METAGENOMIC	wastewater metagenome	SRS2635480	SAMN07839318
4668762	SRX3339633	SRR6231190	WGS Sequencing UEGP wasewater	WGS	METAGENOMIC	wastewater metagenome	SRS2635477	SAMN07839315
4668761	SRX3339632	SRR6231191	WGS Sequencing UEGP wasewater	WGS	METAGENOMIC	wastewater metagenome	SRS2635478	SAMN07839316
4668760	SRX3339631	SRR6231192	WGS Sequencing UEGP wasewater	WGS	METAGENOMIC	wastewater metagenome	SRS2635510	SAMN07839259
4668759	SRX3339630	SRR6231193	WGS Sequencing UEGP wasewater	WGS	METAGENOMIC	wastewater metagenome	SRS2635512	SAMN07839260
4668758	SRX3339629	SRR6231194	WGS Sequencing UEGP wasewater	WGS	METAGENOMIC	wastewater metagenome	SRS2635509	SAMN07839251
4668757	SRX3339628	SRR6231195	WGS Sequencing UEGP wasewater	WGS	METAGENOMIC	wastewater metagenome	SRS2635511	SAMN07839252
4668756	SRX3339627	SRR6231196	WGS Sequencing UEGP wasewater	WGS	METAGENOMIC	wastewater metagenome	SRS2635507	SAMN07839253
4668755	SRX3339626	SRR6231197	WGS Sequencing UEGP wasewater	WGS	METAGENOMIC	wastewater metagenome	SRS2635508	SAMN07839254
4668754	SRX3339625	SRR6231198	WGS Sequencing UEGP wasewater	WGS	METAGENOMIC	wastewater metagenome	SRS2635505	SAMN07839255
4668753	SRX3339624	SRR6231199	WGS Sequencing UEGP wasewater	WGS	METAGENOMIC	wastewater metagenome	SRS2635506	SAMN07839256
4668752	SRX3339623	SRR6231200	WGS Sequencing UEGP wasewater	WGS	METAGENOMIC	wastewater metagenome	SRS2635503	SAMN07839257
4668751	SRX3339622	SRR6231201	WGS Sequencing UEGP wasewater	WGS	METAGENOMIC	wastewater metagenome	SRS2635504	SAMN07839258
4668750	SRX3339621	SRR6231202	WGS Sequencing UEGP wasewater	WGS	METAGENOMIC	wastewater metagenome	SRS2635500	SAMN07839249
4668749	SRX3339620	SRR6231203	WGS Sequencing UEGP wasewater	WGS	METAGENOMIC	wastewater metagenome	SRS2635502	SAMN07839250
4668748	SRX3339619	SRR6231204	WGS Sequencing UEGP wasewater	WGS	METAGENOMIC	wastewater metagenome	SRS2635496	SAMN07839245
4668747	SRX3339618	SRR6231205	WGS Sequencing UEGP wasewater	WGS	METAGENOMIC	wastewater metagenome	SRS2635492	SAMN07839246
4668746	SRX3339617	SRR6231206	WGS Sequencing UEGP wasewater	WGS	METAGENOMIC	wastewater metagenome	SRS2635494	SAMN07839247
4668745	SRX3339616	SRR6231207	WGS Sequencing UEGP wasewater	WGS	METAGENOMIC	wastewater metagenome	SRS2635495	SAMN07839248
4668744	SRX3339615	SRR6231208	WGS Sequencing UEGP wasewater	WGS	METAGENOMIC	wastewater metagenome	SRS2635498	SAMN07839241
4668743	SRX3339614	SRR6231209	WGS Sequencing UEGP wasewater	WGS	METAGENOMIC	wastewater metagenome	SRS2635497	SAMN07839242
4668742	SRX3339613	SRR6231210	WGS Sequencing UEGP wasewater	WGS	METAGENOMIC	wastewater metagenome	SRS2635499	SAMN07839243
4668741	SRX3339612	SRR6231211	WGS Sequencing UEGP wasewater	WGS	METAGENOMIC	wastewater metagenome	SRS2635501	SAMN07839244
4668740	SRX3339611	SRR6231212	WGS Sequencing UEGP wasewater	WGS	METAGENOMIC	wastewater metagenome	SRS2635487	SAMN07839328
4668739	SRX3339610	SRR6231213	WGS Sequencing UEGP wasewater	WGS	METAGENOMIC	wastewater metagenome	SRS2635488	SAMN07839327
4668738	SRX3339609	SRR6231214	WGS Sequencing UEGP wasewater	WGS	METAGENOMIC	wastewater metagenome	SRS2635485	SAMN07839326
4668737	SRX3339608	SRR6231215	WGS Sequencing UEGP wasewater	WGS	METAGENOMIC	wastewater metagenome	SRS2635486	SAMN07839325
4668736	SRX3339607	SRR6231216	WGS Sequencing UEGP wasewater	WGS	METAGENOMIC	wastewater metagenome	SRS2635491	SAMN07839324
4668735	SRX3339606	SRR6231217	WGS Sequencing UEGP wasewater	WGS	METAGENOMIC	wastewater metagenome	SRS2635493	SAMN07839323
4668734	SRX3339605	SRR6231218	WGS Sequencing UEGP wasewater	WGS	METAGENOMIC	wastewater metagenome	SRS2635489	SAMN07839322
4668733	SRX3339604	SRR6231219	WGS Sequencing UEGP wasewater	WGS	METAGENOMIC	wastewater metagenome	SRS2635490	SAMN07839321
4668732	SRX3339603	SRR6231220	WGS Sequencing UEGP wasewater	WGS	METAGENOMIC	wastewater metagenome	SRS2635483	SAMN07839330
4668731	SRX3339602	SRR6231221	WGS Sequencing UEGP wasewater	WGS	METAGENOMIC	wastewater metagenome	SRS2635484	SAMN07839329
4662242	SRX3333113	SRR6224384	16S Sequencing UEGP wastewater	AMPLICON	METAGENOMIC	wastewater metagenome	SRS2635544	SAMN07839287
4662241	SRX3333112	SRR6224385	16S Sequencing UEGP wastewater	AMPLICON	METAGENOMIC	wastewater metagenome	SRS2635542	SAMN07839288
4662240	SRX3333111	SRR6224386	16S Sequencing UEGP wastewater	AMPLICON	METAGENOMIC	wastewater metagenome	SRS2635543	SAMN07839285
4662239	SRX3333110	SRR6224387	16S Sequencing UEGP wastewater	AMPLICON	METAGENOMIC	wastewater metagenome	SRS2635541	SAMN07839286
4662238	SRX3333109	SRR6224388	16S Sequencing UEGP wastewater	AMPLICON	METAGENOMIC	wastewater metagenome	SRS2635540	SAMN07839283
4662237	SRX3333108	SRR6224389	16S Sequencing UEGP wastewater	AMPLICON	METAGENOMIC	wastewater metagenome	SRS2635539	SAMN07839284
4662236	SRX3333107	SRR6224390	16S Sequencing UEGP wastewater	AMPLICON	METAGENOMIC	wastewater metagenome	SRS2635537	SAMN07839281
4662235	SRX3333106	SRR6224391	16S Sequencing UEGP wastewater	AMPLICON	METAGENOMIC	wastewater metagenome	SRS2635536	SAMN07839282
4662234	SRX3333105	SRR6224392	16S Sequencing UEGP wastewater	AMPLICON	METAGENOMIC	wastewater metagenome	SRS2635538	SAMN07839289
4662233	SRX3333104	SRR6224393	16S Sequencing UEGP wastewater	AMPLICON	METAGENOMIC	wastewater metagenome	SRS2635535	SAMN07839290
4662232	SRX3333103	SRR6224394	16S Sequencing UEGP wastewater	AMPLICON	METAGENOMIC	wastewater metagenome	SRS2635534	SAMN07839274
4662231	SRX3333102	SRR6224395	16S Sequencing UEGP wastewater	AMPLICON	METAGENOMIC	wastewater metagenome	SRS2635533	SAMN07839273
4662230	SRX3333101	SRR6224396	16S Sequencing UEGP wastewater	AMPLICON	METAGENOMIC	wastewater metagenome	SRS2635532	SAMN07839272
4662229	SRX3333100	SRR6224397	16S Sequencing UEGP wastewater	AMPLICON	METAGENOMIC	wastewater metagenome	SRS2635531	SAMN07839271
4662228	SRX3333099	SRR6224398	16S Sequencing UEGP wastewater	AMPLICON	METAGENOMIC	wastewater metagenome	SRS2635530	SAMN07839278
4662227	SRX3333098	SRR6224399	16S Sequencing UEGP wastewater	AMPLICON	METAGENOMIC	wastewater metagenome	SRS2635529	SAMN07839277
4662226	SRX3333097	SRR6224400	16S Sequencing UEGP wastewater	AMPLICON	METAGENOMIC	wastewater metagenome	SRS2635528	SAMN07839276
4662225	SRX3333096	SRR6224401	16S Sequencing UEGP wastewater	AMPLICON	METAGENOMIC	wastewater metagenome	SRS2635527	SAMN07839275
4662224	SRX3333095	SRR6224402	16S Sequencing UEGP wastewater	AMPLICON	METAGENOMIC	wastewater metagenome	SRS2635526	SAMN07839280
4662223	SRX3333094	SRR6224403	16S Sequencing UEGP wastewater	AMPLICON	METAGENOMIC	wastewater metagenome	SRS2635525	SAMN07839279
4662222	SRX3333093	SRR6224404	16S Sequencing UEGP wastewater	AMPLICON	METAGENOMIC	wastewater metagenome	SRS2635524	SAMN07839269
4662221	SRX3333092	SRR6224405	16S Sequencing UEGP wastewater	AMPLICON	METAGENOMIC	wastewater metagenome	SRS2635523	SAMN07839270
4662220	SRX3333091	SRR6224406	16S Sequencing UEGP wastewater	AMPLICON	METAGENOMIC	wastewater metagenome	SRS2635522	SAMN07839265
4662219	SRX3333090	SRR6224407	16S Sequencing UEGP wastewater	AMPLICON	METAGENOMIC	wastewater metagenome	SRS2635521	SAMN07839266
4662218	SRX3333089	SRR6224408	16S Sequencing UEGP wastewater	AMPLICON	METAGENOMIC	wastewater metagenome	SRS2635520	SAMN07839267
4662217	SRX3333088	SRR6224409	16S Sequencing UEGP wastewater	AMPLICON	METAGENOMIC	wastewater metagenome	SRS2635519	SAMN07839268
4662216	SRX3333087	SRR6224410	16S Sequencing UEGP wastewater	AMPLICON	METAGENOMIC	wastewater metagenome	SRS2635517	SAMN07839261
4662215	SRX3333086	SRR6224411	16S Sequencing UEGP wastewater	AMPLICON	METAGENOMIC	wastewater metagenome	SRS2635518	SAMN07839262
4662214	SRX3333085	SRR6224412	16S Sequencing UEGP wastewater	AMPLICON	METAGENOMIC	wastewater metagenome	SRS2635516	SAMN07839263
4662213	SRX3333084	SRR6224413	16S Sequencing UEGP wastewater	AMPLICON	METAGENOMIC	wastewater metagenome	SRS2635515	SAMN07839264
4662212	SRX3333083	SRR6224414	16S Sequencing UEGP wastewater	AMPLICON	METAGENOMIC	wastewater metagenome	SRS2635514	SAMN07839332
4662211	SRX3333082	SRR6224415	16S Sequencing UEGP wastewater	AMPLICON	METAGENOMIC	wastewater metagenome	SRS2635513	SAMN07839331
4662210	SRX3333081	SRR6224416	16S Sequencing UEGP wastewater	AMPLICON	METAGENOMIC	wastewater metagenome	SRS2635512	SAMN07839260
4662209	SRX3333080	SRR6224417	16S Sequencing UEGP wastewater	AMPLICON	METAGENOMIC	wastewater metagenome	SRS2635510	SAMN07839259
4662208	SRX3333079	SRR6224418	16S Sequencing UEGP wastewater	AMPLICON	METAGENOMIC	wastewater metagenome	SRS2635511	SAMN07839252
4662207	SRX3333078	SRR6224419	16S Sequencing UEGP wastewater	AMPLICON	METAGENOMIC	wastewater metagenome	SRS2635509	SAMN07839251
4662206	SRX3333077	SRR6224420	16S Sequencing UEGP wastewater	AMPLICON	METAGENOMIC	wastewater metagenome	SRS2635508	SAMN07839254
4662205	SRX3333076	SRR6224421	16S Sequencing UEGP wastewater	AMPLICON	METAGENOMIC	wastewater metagenome	SRS2635507	SAMN07839253
4662204	SRX3333075	SRR6224422	16S Sequencing UEGP wastewater	AMPLICON	METAGENOMIC	wastewater metagenome	SRS2635506	SAMN07839256
4662203	SRX3333074	SRR6224423	16S Sequencing UEGP wastewater	AMPLICON	METAGENOMIC	wastewater metagenome	SRS2635505	SAMN07839255
4662202	SRX3333073	SRR6224424	16S Sequencing UEGP wastewater	AMPLICON	METAGENOMIC	wastewater metagenome	SRS2635504	SAMN07839258
4662201	SRX3333072	SRR6224425	16S Sequencing UEGP wastewater	AMPLICON	METAGENOMIC	wastewater metagenome	SRS2635503	SAMN07839257
4662200	SRX3333071	SRR6224426	16S Sequencing UEGP wastewater	AMPLICON	METAGENOMIC	wastewater metagenome	SRS2635502	SAMN07839250
4662199	SRX3333070	SRR6224427	16S Sequencing UEGP wastewater	AMPLICON	METAGENOMIC	wastewater metagenome	SRS2635500	SAMN07839249
4662198	SRX3333069	SRR6224428	16S Sequencing UEGP wastewater	AMPLICON	METAGENOMIC	wastewater metagenome	SRS2635501	SAMN07839244
4662197	SRX3333068	SRR6224429	16S Sequencing UEGP wastewater	AMPLICON	METAGENOMIC	wastewater metagenome	SRS2635499	SAMN07839243
4662196	SRX3333067	SRR6224430	16S Sequencing UEGP wastewater	AMPLICON	METAGENOMIC	wastewater metagenome	SRS2635497	SAMN07839242
4662195	SRX3333066	SRR6224431	16S Sequencing UEGP wastewater	AMPLICON	METAGENOMIC	wastewater metagenome	SRS2635498	SAMN07839241
4662194	SRX3333065	SRR6224432	16S Sequencing UEGP wastewater	AMPLICON	METAGENOMIC	wastewater metagenome	SRS2635495	SAMN07839248
4662193	SRX3333064	SRR6224433	16S Sequencing UEGP wastewater	AMPLICON	METAGENOMIC	wastewater metagenome	SRS2635494	SAMN07839247
4662192	SRX3333063	SRR6224434	16S Sequencing UEGP wastewater	AMPLICON	METAGENOMIC	wastewater metagenome	SRS2635492	SAMN07839246
4662191	SRX3333062	SRR6224435	16S Sequencing UEGP wastewater	AMPLICON	METAGENOMIC	wastewater metagenome	SRS2635496	SAMN07839245
4662190	SRX3333061	SRR6224436	16S Sequencing UEGP wastewater	AMPLICON	METAGENOMIC	wastewater metagenome	SRS2635493	SAMN07839323
4662189	SRX3333060	SRR6224437	16S Sequencing UEGP wastewater	AMPLICON	METAGENOMIC	wastewater metagenome	SRS2635491	SAMN07839324
4662188	SRX3333059	SRR6224438	16S Sequencing UEGP wastewater	AMPLICON	METAGENOMIC	wastewater metagenome	SRS2635490	SAMN07839321
4662187	SRX3333058	SRR6224439	16S Sequencing UEGP wastewater	AMPLICON	METAGENOMIC	wastewater metagenome	SRS2635489	SAMN07839322
4662186	SRX3333057	SRR6224440	16S Sequencing UEGP wastewater	AMPLICON	METAGENOMIC	wastewater metagenome	SRS2635488	SAMN07839327
4662185	SRX3333056	SRR6224441	16S Sequencing UEGP wastewater	AMPLICON	METAGENOMIC	wastewater metagenome	SRS2635487	SAMN07839328
4662184	SRX3333055	SRR6224442	16S Sequencing UEGP wastewater	AMPLICON	METAGENOMIC	wastewater metagenome	SRS2635486	SAMN07839325
4662183	SRX3333054	SRR6224443	16S Sequencing UEGP wastewater	AMPLICON	METAGENOMIC	wastewater metagenome	SRS2635485	SAMN07839326
4662182	SRX3333053	SRR6224444	16S Sequencing UEGP wastewater	AMPLICON	METAGENOMIC	wastewater metagenome	SRS2635484	SAMN07839329
4662181	SRX3333052	SRR6224445	16S Sequencing UEGP wastewater	AMPLICON	METAGENOMIC	wastewater metagenome	SRS2635483	SAMN07839330
4662180	SRX3333051	SRR6224446	16S Sequencing UEGP wastewater	AMPLICON	METAGENOMIC	wastewater metagenome	SRS2635482	SAMN07839320
4662179	SRX3333050	SRR6224447	16S Sequencing UEGP wastewater	AMPLICON	METAGENOMIC	wastewater metagenome	SRS2635481	SAMN07839319
4662178	SRX3333049	SRR6224448	16S Sequencing UEGP wastewater	AMPLICON	METAGENOMIC	wastewater metagenome	SRS2635480	SAMN07839318
4662177	SRX3333048	SRR6224449	16S Sequencing UEGP wastewater	AMPLICON	METAGENOMIC	wastewater metagenome	SRS2635479	SAMN07839317
4662176	SRX3333047	SRR6224450	16S Sequencing UEGP wastewater	AMPLICON	METAGENOMIC	wastewater metagenome	SRS2635478	SAMN07839316
4662175	SRX3333046	SRR6224451	16S Sequencing UEGP wastewater	AMPLICON	METAGENOMIC	wastewater metagenome	SRS2635477	SAMN07839315
4662174	SRX3333045	SRR6224452	16S Sequencing UEGP wastewater	AMPLICON	METAGENOMIC	wastewater metagenome	SRS2635476	SAMN07839314
4662173	SRX3333044	SRR6224453	16S Sequencing UEGP wastewater	AMPLICON	METAGENOMIC	wastewater metagenome	SRS2635475	SAMN07839313
4662172	SRX3333043	SRR6224454	16S Sequencing UEGP wastewater	AMPLICON	METAGENOMIC	wastewater metagenome	SRS2635474	SAMN07839312
4662171	SRX3333042	SRR6224455	16S Sequencing UEGP wastewater	AMPLICON	METAGENOMIC	wastewater metagenome	SRS2635473	SAMN07839311
4662170	SRX3333041	SRR6224456	16S Sequencing UEGP wastewater	AMPLICON	METAGENOMIC	wastewater metagenome	SRS2635472	SAMN07839309
4662169	SRX3333040	SRR6224457	16S Sequencing UEGP wastewater	AMPLICON	METAGENOMIC	wastewater metagenome	SRS2635471	SAMN07839310
4662168	SRX3333039	SRR6224458	16S Sequencing UEGP wastewater	AMPLICON	METAGENOMIC	wastewater metagenome	SRS2635470	SAMN07839301
4662167	SRX3333038	SRR6224459	16S Sequencing UEGP wastewater	AMPLICON	METAGENOMIC	wastewater metagenome	SRS2635469	SAMN07839302
4662166	SRX3333037	SRR6224460	16S Sequencing UEGP wastewater	AMPLICON	METAGENOMIC	wastewater metagenome	SRS2635468	SAMN07839303
4662165	SRX3333036	SRR6224461	16S Sequencing UEGP wastewater	AMPLICON	METAGENOMIC	wastewater metagenome	SRS2635467	SAMN07839304
4662164	SRX3333035	SRR6224462	16S Sequencing UEGP wastewater	AMPLICON	METAGENOMIC	wastewater metagenome	SRS2635466	SAMN07839305
4662163	SRX3333034	SRR6224463	16S Sequencing UEGP wastewater	AMPLICON	METAGENOMIC	wastewater metagenome	SRS2635465	SAMN07839306
4662162	SRX3333033	SRR6224464	16S Sequencing UEGP wastewater	AMPLICON	METAGENOMIC	wastewater metagenome	SRS2635464	SAMN07839307
4662161	SRX3333032	SRR6224465	16S Sequencing UEGP wastewater	AMPLICON	METAGENOMIC	wastewater metagenome	SRS2635463	SAMN07839308
4662160	SRX3333031	SRR6224466	16S Sequencing UEGP wastewater	AMPLICON	METAGENOMIC	wastewater metagenome	SRS2635462	SAMN07839296
4662159	SRX3333030	SRR6224467	16S Sequencing UEGP wastewater	AMPLICON	METAGENOMIC	wastewater metagenome	SRS2635461	SAMN07839295
4662158	SRX3333029	SRR6224468	16S Sequencing UEGP wastewater	AMPLICON	METAGENOMIC	wastewater metagenome	SRS2635460	SAMN07839298
4662157	SRX3333028	SRR6224469	16S Sequencing UEGP wastewater	AMPLICON	METAGENOMIC	wastewater metagenome	SRS2635459	SAMN07839297
4662156	SRX3333027	SRR6224470	16S Sequencing UEGP wastewater	AMPLICON	METAGENOMIC	wastewater metagenome	SRS2635458	SAMN07839292
4662155	SRX3333026	SRR6224471	16S Sequencing UEGP wastewater	AMPLICON	METAGENOMIC	wastewater metagenome	SRS2635457	SAMN07839291
4662154	SRX3333025	SRR6224472	16S Sequencing UEGP wastewater	AMPLICON	METAGENOMIC	wastewater metagenome	SRS2635456	SAMN07839294
4662153	SRX3333024	SRR6224473	16S Sequencing UEGP wastewater	AMPLICON	METAGENOMIC	wastewater metagenome	SRS2635455	SAMN07839293
4662152	SRX3333023	SRR6224474	16S Sequencing UEGP wastewater	AMPLICON	METAGENOMIC	wastewater metagenome	SRS2635454	SAMN07839300
4662151	SRX3333022	SRR6224475	16S Sequencing UEGP wastewater	AMPLICON	METAGENOMIC	wastewater metagenome	SRS2635453	SAMN07839299
