Run,ReleaseDate,LoadDate,spots,bases,spots_with_mates,avgLength,size_MB,AssemblyName,download_path,Experiment,LibraryName,LibraryStrategy,LibrarySelection,LibrarySource,LibraryLayout,InsertSize,InsertDev,Platform,Model,SRAStudy,BioProject,Study_Pubmed_id,ProjectID,Sample,BioSample,SampleType,TaxID,ScientificName,SampleName,g1k_pop_code,source,g1k_analysis_group,Subject_ID,Sex,Disease,Tumor,Affection_Status,Analyte_Type,Histological_Type,Body_Site,CenterName,Submission,dbgap_study_accession,Consent,RunHash,ReadHash
SRR6231130,2017-10-27 14:58:12,2017-10-27 14:35:43,21478629,5369657250,21478629,250,1731,,https://sra-downloadb.be-md.ncbi.nlm.nih.gov/sos12/sra-pub-zq-1214/SRR006/231/SRR6231130.sralite.1,SRX3339693,Library_26,WGS,PCR,METAGENOMIC,PAIRED,0,0,ILLUMINA,Illumina HiSeq 2500,SRP121672,PRJNA415974,,415974,SRS2635521,SAMN07839266,simple,527639,wastewater metagenome,Sample_Mallard_Creek_INF_2,,,,,,,no,,,,,UNCC,SRA625636,,public,F75EE2ACC68E510F4BDF27A7B01D5902,B5EBF2A673A05B755DC887356F215066
SRR6231131,2017-10-27 14:45:11,2017-10-27 14:32:37,15474879,3868719750,15474879,250,1232,,https://sra-downloadb.be-md.ncbi.nlm.nih.gov/sos12/sra-pub-zq-1214/SRR006/231/SRR6231131.sralite.1,SRX3339692,Library_25,WGS,PCR,METAGENOMIC,PAIRED,0,0,ILLUMINA,Illumina HiSeq 2500,SRP121672,PRJNA415974,,415974,SRS2635522,SAMN07839265,simple,527639,wastewater metagenome,Sample_Mallard_Creek_UP_B_3,,,,,,,no,,,,,UNCC,SRA625636,,public,E323E899A4AC185F1723D8B65D780E9A,0898D223F0608DB82B6DF63FAEA7A509
SRR6231132,2017-10-27 14:55:20,2017-10-27 14:34:14,19123323,4780830750,19123323,250,1481,,https://sra-downloadb.be-md.ncbi.nlm.nih.gov/sos12/sra-pub-zq-1214/SRR006/231/SRR6231132.sralite.1,SRX3339691,Library_28,WGS,PCR,METAGENOMIC,PAIRED,0,0,ILLUMINA,Illumina HiSeq 2500,SRP121672,PRJNA415974,,415974,SRS2635519,SAMN07839268,simple,527639,wastewater metagenome,Sample_Mallard_Creek_ATE_1,,,,,,,no,,,,,UNCC,SRA625636,,public,04234C1E12BF3A299E5D7A14A5C4A5E0,D4C4DFE08C6142C09E1C7A26C6F57214
SRR6231133,2017-10-27 14:50:12,2017-10-27 14:34:40,18900974,4725243500,18900974,250,1446,,https://sra-downloadb.be-md.ncbi.nlm.nih.gov/sos12/sra-pub-zq-1214/SRR006/231/SRR6231133.sralite.1,SRX3339690,Library_27,WGS,PCR,METAGENOMIC,PAIRED,0,0,ILLUMINA,Illumina HiSeq 2500,SRP121672,PRJNA415974,,415974,SRS2635520,SAMN07839267,simple,527639,wastewater metagenome,Sample_Sugar_Creek_ATE_1,,,,,,,no,,,,,UNCC,SRA625636,,public,A5EB8CDE54458F1A73C0735DDE247E50,D7242E8EAE6AB0D5A59C078A81818E66
SRR6231134,2017-10-27 14:58:12,2017-10-27 14:35:43,21733888,5433472000,21733888,250,1745,,https://sra-downloadb.be-md.ncbi.nlm.nih.gov/sos12/sra-pub-zq-1214/SRR006/231/SRR6231134.sralite.1,SRX3339689,Library_22,WGS,PCR,METAGENOMIC,PAIRED,0,0,ILLUMINA,Illumina HiSeq 2500,SRP121672,PRJNA415974,,415974,SRS2635518,SAMN07839262,simple,527639,wastewater metagenome,Sample_Sugar_Creek_DS_A_2,,,,,,,no,,,,,UNCC,SRA625636,,public,0C1110A78820217AE9ABE7B211328C98,EF9DAAA8107C889F7A069206673D2EC6
SRR6231135,2017-10-27 14:37:12,2017-10-27 14:33:34,17976950,4494237500,17976950,250,1413,,https://sra-downloadb.be-md.ncbi.nlm.nih.gov/sos12/sra-pub-zq-1214/SRR006/231/SRR6231135.sralite.1,SRX3339688,Library_21,WGS,PCR,METAGENOMIC,PAIRED,0,0,ILLUMINA,Illumina HiSeq 2500,SRP121672,PRJNA415974,,415974,SRS2635517,SAMN07839261,simple,527639,wastewater metagenome,Sample_Mallard_Creek_DS_A_3,,,,,,,no,,,,,UNCC,SRA625636,,public,0B01479B0F54A6E1652980675C1833C6,5AD75F3F302489D8E3DFCC931BB630E9
SRR6231136,2017-10-27 14:56:20,2017-10-27 14:35:12,20304452,5076113000,20304452,250,1651,,https://sra-downloadb.be-md.ncbi.nlm.nih.gov/sos12/sra-pub-zq-1214/SRR006/231/SRR6231136.sralite.1,SRX3339687,Library_24,WGS,PCR,METAGENOMIC,PAIRED,0,0,ILLUMINA,Illumina HiSeq 2500,SRP121672,PRJNA415974,,415974,SRS2635515,SAMN07839264,simple,527639,wastewater metagenome,Sample_Sugar_Creek_UP_B_2,,,,,,,no,,,,,UNCC,SRA625636,,public,E4608BCBCD3BAA91D5349BF5251265F1,12CEC9FF92A640C8A64804201DBBC79F
SRR6231137,2017-10-27 14:48:12,2017-10-27 14:33:08,15054835,3763708750,15054835,250,1200,,https://sra-downloadb.be-md.ncbi.nlm.nih.gov/sos12/sra-pub-zq-1214/SRR006/231/SRR6231137.sralite.1,SRX3339686,Library_23,WGS,PCR,METAGENOMIC,PAIRED,0,0,ILLUMINA,Illumina HiSeq 2500,SRP121672,PRJNA415974,,415974,SRS2635516,SAMN07839263,simple,527639,wastewater metagenome,Sample_Mallard_Creek_UP_A_3,,,,,,,no,,,,,UNCC,SRA625636,,public,05DC41C34226DBECD787BDD8B16CDA43,65FC19FC0DAB0A62FBEDD2B883EAF78A
SRR6231138,2017-10-27 14:52:12,2017-10-27 14:34:46,19372905,4843226250,19372905,250,1475,,https://sra-downloadb.be-md.ncbi.nlm.nih.gov/sos12/sra-pub-zq-1214/SRR006/231/SRR6231138.sralite.1,SRX3339685,Library_30,WGS,PCR,METAGENOMIC,PAIRED,0,0,ILLUMINA,Illumina HiSeq 2500,SRP121672,PRJNA415974,,415974,SRS2635523,SAMN07839270,simple,527639,wastewater metagenome,Sample_Mallard_Creek_DS_A_1,,,,,,,no,,,,,UNCC,SRA625636,,public,A3BDCB874CDB972B4690117F7F8B1BD6,F1AA51466613134E583C0C0A9111DC25
SRR6231139,2017-10-27 15:09:12,2017-10-27 14:43:27,22847347,5711836750,22847347,250,1758,,https://sra-downloadb.be-md.ncbi.nlm.nih.gov/sos12/sra-pub-zq-1214/SRR006/231/SRR6231139.sralite.1,SRX3339684,Library_29,WGS,PCR,METAGENOMIC,PAIRED,0,0,ILLUMINA,Illumina HiSeq 2500,SRP121672,PRJNA415974,,415974,SRS2635524,SAMN07839269,simple,527639,wastewater metagenome,Sample_Sugar_Creek_DS_A_1,,,,,,,no,,,,,UNCC,SRA625636,,public,3617636AD76BF597E560A0AA0C5AA24E,ABAD3C9E7D1D0321A5EE79601C4C437A
SRR6231140,2017-10-27 15:26:12,2017-10-27 15:01:28,29495353,7373838250,29495353,250,2288,,https://sra-downloadb.be-md.ncbi.nlm.nih.gov/sos12/sra-pub-zq-1214/SRR006/231/SRR6231140.sralite.1,SRX3339683,Library_91,WGS,PCR,METAGENOMIC,PAIRED,0,0,ILLUMINA,Illumina HiSeq 2500,SRP121672,PRJNA415974,,415974,SRS2635513,SAMN07839331,simple,527639,wastewater metagenome,Sample_Mountain_Control_MNT_A_4,,,,,,,no,,,,,UNCC,SRA625636,,public,5F957CB6A897A3DBCD640C25470DF247,ED1DCA9A171D45DAE937B12D488571C5
SRR6231141,2017-10-27 15:00:12,2017-10-27 14:36:09,24560486,6140121500,24560486,250,1941,,https://sra-downloadb.be-md.ncbi.nlm.nih.gov/sos12/sra-pub-zq-1214/SRR006/231/SRR6231141.sralite.1,SRX3339682,Library_92,WGS,PCR,METAGENOMIC,PAIRED,0,0,ILLUMINA,Illumina HiSeq 2500,SRP121672,PRJNA415974,,415974,SRS2635514,SAMN07839332,simple,527639,wastewater metagenome,Sample_Uwharrie_Control_UW_A_4,,,,,,,no,,,,,UNCC,SRA625636,,public,7FF6AA625908B91494B6C46D03EADE7A,B7084F5A5A6BAF190DC77E81248075F4
SRR6231142,2017-10-27 14:50:12,2017-10-27 14:33:42,16979645,4244911250,16979645,250,1268,,https://sra-downloadb.be-md.ncbi.nlm.nih.gov/sos12/sra-pub-zq-1214/SRR006/231/SRR6231142.sralite.1,SRX3339681,Library_37,WGS,PCR,METAGENOMIC,PAIRED,0,0,ILLUMINA,Illumina HiSeq 2500,SRP121672,PRJNA415974,,415974,SRS2635529,SAMN07839277,simple,527639,wastewater metagenome,Sample_Mallard_Creek_INF_1,,,,,,,no,,,,,UNCC,SRA625636,,public,7F92E717210456EF7C538DB2F98A1C46,B28E4F21F3D4A5EDDC341D6DC1B362AA
SRR6231143,2017-10-27 15:12:24,2017-10-27 14:47:05,26707213,6676803250,26707213,250,2025,,https://sra-downloadb.be-md.ncbi.nlm.nih.gov/sos12/sra-pub-zq-1214/SRR006/231/SRR6231143.sralite.1,SRX3339680,Library_38,WGS,PCR,METAGENOMIC,PAIRED,0,0,ILLUMINA,Illumina HiSeq 2500,SRP121672,PRJNA415974,,415974,SRS2635530,SAMN07839278,simple,527639,wastewater metagenome,Sample_Sugar_Creek_INF_1,,,,,,,no,,,,,UNCC,SRA625636,,public,DDCF933F784140EDC66ADAE729B96C04,149C7F2F2DB906DE5CABA9924F025E63
SRR6231144,2017-10-27 14:58:12,2017-10-27 14:35:54,23887956,5971989000,23887956,250,1824,,https://sra-downloadb.be-md.ncbi.nlm.nih.gov/sos12/sra-pub-zq-1214/SRR006/231/SRR6231144.sralite.1,SRX3339679,Library_35,WGS,PCR,METAGENOMIC,PAIRED,0,0,ILLUMINA,Illumina HiSeq 2500,SRP121672,PRJNA415974,,415974,SRS2635527,SAMN07839275,simple,527639,wastewater metagenome,Sample_Sugar_Creek_HOSP_1,,,,,,,no,,,,,UNCC,SRA625636,,public,1C857184D39778051CE2CCEF4D53A3BF,BBC609607630D383BC04077FE52557CD
SRR6231145,2017-10-27 14:50:12,2017-10-27 14:35:11,20117661,5029415250,20117661,250,1541,,https://sra-downloadb.be-md.ncbi.nlm.nih.gov/sos12/sra-pub-zq-1214/SRR006/231/SRR6231145.sralite.1,SRX3339678,Library_36,WGS,PCR,METAGENOMIC,PAIRED,0,0,ILLUMINA,Illumina HiSeq 2500,SRP121672,PRJNA415974,,415974,SRS2635528,SAMN07839276,simple,527639,wastewater metagenome,Sample_Mallard_Creek_HOSP_1,,,,,,,no,,,,,UNCC,SRA625636,,public,590CDFFB075C22926194F1FDB9ADD731,537A52DF18E6354CFCCCCE33F0123DFB
SRR6231146,2017-10-27 14:54:11,2017-10-27 14:37:23,18749618,4687404500,18749618,250,1434,,https://sra-downloadb.be-md.ncbi.nlm.nih.gov/sos12/sra-pub-zq-1214/SRR006/231/SRR6231146.sralite.1,SRX3339677,Library_33,WGS,PCR,METAGENOMIC,PAIRED,0,0,ILLUMINA,Illumina HiSeq 2500,SRP121672,PRJNA415974,,415974,SRS2635533,SAMN07839273,simple,527639,wastewater metagenome,Sample_Sugar_Creek_FCE_1,,,,,,,no,,,,,UNCC,SRA625636,,public,93C5811833B8DAB788946D29E4BC0D4D,095D5EBE504335DACC8DD2CBF7EC58C6
SRR6231147,2017-10-27 15:03:12,2017-10-27 14:37:53,25683932,6420983000,25683932,250,2007,,https://sra-downloadb.be-md.ncbi.nlm.nih.gov/sos12/sra-pub-zq-1214/SRR006/231/SRR6231147.sralite.1,SRX3339676,Library_34,WGS,PCR,METAGENOMIC,PAIRED,0,0,ILLUMINA,Illumina HiSeq 2500,SRP121672,PRJNA415974,,415974,SRS2635534,SAMN07839274,simple,527639,wastewater metagenome,Sample_Mallard_Creek_FCE_1,,,,,,,no,,,,,UNCC,SRA625636,,public,030D7B37629DB8BA23A960AB09D3EE12,D89638F0412C8BBE8C1A4CBCA7270551
SRR6231148,2017-10-27 15:04:12,2017-10-27 14:44:39,21598290,5399572500,21598290,250,1667,,https://sra-downloadb.be-md.ncbi.nlm.nih.gov/sos12/sra-pub-zq-1214/SRR006/231/SRR6231148.sralite.1,SRX3339675,Library_31,WGS,PCR,METAGENOMIC,PAIRED,0,0,ILLUMINA,Illumina HiSeq 2500,SRP121672,PRJNA415974,,415974,SRS2635531,SAMN07839271,simple,527639,wastewater metagenome,Sample_Sugar_Creek_DS_B_1,,,,,,,no,,,,,UNCC,SRA625636,,public,AFFEAD705366C50118C6044696CFA3E6,5B6A9F35ACB71425292937A31CF77852
SRR6231149,2017-10-27 14:55:20,2017-10-27 14:35:36,17726912,4431728000,17726912,250,1358,,https://sra-downloadb.be-md.ncbi.nlm.nih.gov/sos12/sra-pub-zq-1214/SRR006/231/SRR6231149.sralite.1,SRX3339674,Library_32,WGS,PCR,METAGENOMIC,PAIRED,0,0,ILLUMINA,Illumina HiSeq 2500,SRP121672,PRJNA415974,,415974,SRS2635532,SAMN07839272,simple,527639,wastewater metagenome,Sample_Mallard_Creek_DS_B_1,,,,,,,no,,,,,UNCC,SRA625636,,public,56A517384FA83BB21B17667DA2C969AD,5E78EF1DF6BE334CC949F245E420DFF5
SRR6231150,2017-10-27 15:11:12,2017-10-27 14:53:40,21530620,5382655000,21530620,250,1636,,https://sra-downloadb.be-md.ncbi.nlm.nih.gov/sos12/sra-pub-zq-1214/SRR006/231/SRR6231150.sralite.1,SRX3339673,Library_39,WGS,PCR,METAGENOMIC,PAIRED,0,0,ILLUMINA,Illumina HiSeq 2500,SRP121672,PRJNA415974,,415974,SRS2635525,SAMN07839279,simple,527639,wastewater metagenome,Sample_Sugar_Creek_PCE_1,,,,,,,no,,,,,UNCC,SRA625636,,public,F46B71AA7AF1F5DC4F5B0CC95BAB5F8A,99FCB3EF5995204AA29AF37CBB066904
SRR6231151,2017-10-27 15:00:12,2017-10-27 14:43:04,18132206,4533051500,18132206,250,1385,,https://sra-downloadb.be-md.ncbi.nlm.nih.gov/sos12/sra-pub-zq-1214/SRR006/231/SRR6231151.sralite.1,SRX3339672,Library_40,WGS,PCR,METAGENOMIC,PAIRED,0,0,ILLUMINA,Illumina HiSeq 2500,SRP121672,PRJNA415974,,415974,SRS2635526,SAMN07839280,simple,527639,wastewater metagenome,Sample_Mallard_Creek_PCE_1,,,,,,,no,,,,,UNCC,SRA625636,,public,80B121C49DBD67A580CD45F8A5147F2A,FC1EE37EA3FD4773EEB699E9EE54A78D
SRR6231152,2017-10-27 15:00:12,2017-10-27 14:38:13,23387276,5846819000,23387276,250,1795,,https://sra-downloadb.be-md.ncbi.nlm.nih.gov/sos12/sra-pub-zq-1214/SRR006/231/SRR6231152.sralite.1,SRX3339671,Library_44,WGS,PCR,METAGENOMIC,PAIRED,0,0,ILLUMINA,Illumina HiSeq 2500,SRP121672,PRJNA415974,,415974,SRS2635539,SAMN07839284,simple,527639,wastewater metagenome,Sample_Sugar_Creek_UP_A_1,,,,,,,no,,,,,UNCC,SRA625636,,public,83DB8AD3BD877B6BC3A41EE9B5FA4D33,6414A1F4624DB055F9780CC1B5D41A21
SRR6231153,2017-10-27 15:08:12,2017-10-27 14:45:28,22978086,5744521500,22978086,250,1727,,https://sra-downloadb.be-md.ncbi.nlm.nih.gov/sos12/sra-pub-zq-1214/SRR006/231/SRR6231153.sralite.1,SRX3339670,Library_43,WGS,PCR,METAGENOMIC,PAIRED,0,0,ILLUMINA,Illumina HiSeq 2500,SRP121672,PRJNA415974,,415974,SRS2635540,SAMN07839283,simple,527639,wastewater metagenome,Sample_Sugar_Creek_RES_1,,,,,,,no,,,,,UNCC,SRA625636,,public,D6C4AC8E808635331E907A76DE8EAE1C,D87468483CCFDEF17A2C1AB4367C0281
SRR6231154,2017-10-27 14:40:12,2017-10-27 14:32:59,18110198,4527549500,18110198,250,1366,,https://sra-downloadb.be-md.ncbi.nlm.nih.gov/sos12/sra-pub-zq-1214/SRR006/231/SRR6231154.sralite.1,SRX3339669,Library_42,WGS,PCR,METAGENOMIC,PAIRED,0,0,ILLUMINA,Illumina HiSeq 2500,SRP121672,PRJNA415974,,415974,SRS2635536,SAMN07839282,simple,527639,wastewater metagenome,Sample_Mallard_Creek_RES_1,,,,,,,no,,,,,UNCC,SRA625636,,public,33576ADA80A041956C3D1A20BC75664F,FB846BF70268FF279D7ECF7EFB7C0497
SRR6231155,2017-10-27 14:49:11,2017-10-27 14:34:22,17468274,4367068500,17468274,250,1324,,https://sra-downloadb.be-md.ncbi.nlm.nih.gov/sos12/sra-pub-zq-1214/SRR006/231/SRR6231155.sralite.1,SRX3339668,Library_41,WGS,PCR,METAGENOMIC,PAIRED,0,0,ILLUMINA,Illumina HiSeq 2500,SRP121672,PRJNA415974,,415974,SRS2635537,SAMN07839281,simple,527639,wastewater metagenome,Sample_Mallard_Creek_PCI_1,,,,,,,no,,,,,UNCC,SRA625636,,public,89EB85F6B2BACDD47D57415EECC1C10F,0D246880110FF4D6E76D3DA1B8191D80
SRR6231156,2017-10-27 14:50:12,2017-10-27 14:34:27,16660225,4165056250,16660225,250,1257,,https://sra-downloadb.be-md.ncbi.nlm.nih.gov/sos12/sra-pub-zq-1214/SRR006/231/SRR6231156.sralite.1,SRX3339667,Library_48,WGS,PCR,METAGENOMIC,PAIRED,0,0,ILLUMINA,Illumina HiSeq 2500,SRP121672,PRJNA415974,,415974,SRS2635542,SAMN07839288,simple,527639,wastewater metagenome,Sample_Sugar_Creek_UV_1,,,,,,,no,,,,,UNCC,SRA625636,,public,A5EB4E65D2DF2B4F3A2A37D7C8634F4C,9FBC1B78A467D1433FE0C46FD3C9C36A
SRR6231157,2017-10-27 14:52:12,2017-10-27 14:34:16,17271263,4317815750,17271263,250,1316,,https://sra-downloadb.be-md.ncbi.nlm.nih.gov/sos12/sra-pub-zq-1214/SRR006/231/SRR6231157.sralite.1,SRX3339666,Library_47,WGS,PCR,METAGENOMIC,PAIRED,0,0,ILLUMINA,Illumina HiSeq 2500,SRP121672,PRJNA415974,,415974,SRS2635544,SAMN07839287,simple,527639,wastewater metagenome,Sample_Mallard_Creek_UP_B_1,,,,,,,no,,,,,UNCC,SRA625636,,public,A0546D6171E348DD684A3470BA598773,3E26C09B51248B0871382420DAFB8B89
SRR6231158,2017-10-27 15:02:12,2017-10-27 14:37:48,23416829,5854207250,23416829,250,1805,,https://sra-downloadb.be-md.ncbi.nlm.nih.gov/sos12/sra-pub-zq-1214/SRR006/231/SRR6231158.sralite.1,SRX3339665,Library_46,WGS,PCR,METAGENOMIC,PAIRED,0,0,ILLUMINA,Illumina HiSeq 2500,SRP121672,PRJNA415974,,415974,SRS2635541,SAMN07839286,simple,527639,wastewater metagenome,Sample_Sugar_Creek_UP_B_1,,,,,,,no,,,,,UNCC,SRA625636,,public,36B0E555BAF863B3FEB359983792931F,7368B89F8C7E9A22819D9EAC7AE25FE5
SRR6231159,2017-10-27 14:52:12,2017-10-27 14:34:52,18107708,4526927000,18107708,250,1376,,https://sra-downloadb.be-md.ncbi.nlm.nih.gov/sos12/sra-pub-zq-1214/SRR006/231/SRR6231159.sralite.1,SRX3339664,Library_45,WGS,PCR,METAGENOMIC,PAIRED,0,0,ILLUMINA,Illumina HiSeq 2500,SRP121672,PRJNA415974,,415974,SRS2635543,SAMN07839285,simple,527639,wastewater metagenome,Sample_Mallard_Creek_UP_A_1,,,,,,,no,,,,,UNCC,SRA625636,,public,33047DA2D620E5BE27812EAAAFCC6248,FF49E2FAC9D2736528C7B96FC331B340
SRR6231160,2017-10-27 15:10:12,2017-10-27 14:53:50,23444058,5861014500,23444058,250,1861,,https://sra-downloadb.be-md.ncbi.nlm.nih.gov/sos12/sra-pub-zq-1214/SRR006/231/SRR6231160.sralite.1,SRX3339663,Library_50,WGS,PCR,METAGENOMIC,PAIRED,0,0,ILLUMINA,Illumina HiSeq 2500,SRP121672,PRJNA415974,,415974,SRS2635535,SAMN07839290,simple,527639,wastewater metagenome,Sample_Sugar_Creek_FCE_3,,,,,,,no,,,,,UNCC,SRA625636,,public,A0CD42BB620464F8A649B727732293BA,2C37F0885E098EC84823C84B780D30A6
SRR6231161,2017-10-27 15:10:12,2017-10-27 14:38:36,28548903,7137225750,28548903,250,2297,,https://sra-downloadb.be-md.ncbi.nlm.nih.gov/sos12/sra-pub-zq-1214/SRR006/231/SRR6231161.sralite.1,SRX3339662,Library_49,WGS,PCR,METAGENOMIC,PAIRED,0,0,ILLUMINA,Illumina HiSeq 2500,SRP121672,PRJNA415974,,415974,SRS2635538,SAMN07839289,simple,527639,wastewater metagenome,Sample_Sugar_Creek_UP_A_3,,,,,,,no,,,,,UNCC,SRA625636,,public,2A8948DFD54138F6A49A94DB474B48D9,FC11D9DFD629D9FDF9651E5BA2FB5D1F
SRR6231162,2017-10-27 14:46:12,2017-10-27 14:35:11,19708298,4927074500,19708298,250,1536,,https://sra-downloadb.be-md.ncbi.nlm.nih.gov/sos12/sra-pub-zq-1214/SRR006/231/SRR6231162.sralite.1,SRX3339661,Library_59,WGS,PCR,METAGENOMIC,PAIRED,0,0,ILLUMINA,Illumina HiSeq 2500,SRP121672,PRJNA415974,,415974,SRS2635453,SAMN07839299,simple,527639,wastewater metagenome,Sample_Mallard_Creek_HOSP_3,,,,,,,no,,,,,UNCC,SRA625636,,public,41D65ED0B9DB82780542DF0448CB8252,62218B73ECCD8AAD98CA42D117C3361F
SRR6231163,2017-10-27 14:55:20,2017-10-27 14:35:03,18177144,4544286000,18177144,250,1417,,https://sra-downloadb.be-md.ncbi.nlm.nih.gov/sos12/sra-pub-zq-1214/SRR006/231/SRR6231163.sralite.1,SRX3339660,Library_60,WGS,PCR,METAGENOMIC,PAIRED,0,0,ILLUMINA,Illumina HiSeq 2500,SRP121672,PRJNA415974,,415974,SRS2635454,SAMN07839300,simple,527639,wastewater metagenome,Sample_Mallard_Creek_PCE_3,,,,,,,no,,,,,UNCC,SRA625636,,public,30635188B714117BE4AC8D70394F84BB,D666F20F3F29074EBE1EA35C00842C0F
SRR6231164,2017-10-27 15:14:12,2017-10-27 14:53:50,22962908,5740727000,22962908,250,1891,,https://sra-downloadb.be-md.ncbi.nlm.nih.gov/sos12/sra-pub-zq-1214/SRR006/231/SRR6231164.sralite.1,SRX3339659,Library_55,WGS,PCR,METAGENOMIC,PAIRED,0,0,ILLUMINA,Illumina HiSeq 2500,SRP121672,PRJNA415974,,415974,SRS2635461,SAMN07839295,simple,527639,wastewater metagenome,Sample_Sugar_Creek_DS_B_3,,,,,,,no,,,,,UNCC,SRA625636,,public,ADB1711FFC6CDDEFFA840215305AFC90,5EC3F081BF3FB33C664A922B9635C1B5
SRR6231165,2017-10-27 15:10:12,2017-10-27 14:40:26,26536858,6634214500,26536858,250,2096,,https://sra-downloadb.be-md.ncbi.nlm.nih.gov/sos12/sra-pub-zq-1214/SRR006/231/SRR6231165.sralite.1,SRX3339658,Library_56,WGS,PCR,METAGENOMIC,PAIRED,0,0,ILLUMINA,Illumina HiSeq 2500,SRP121672,PRJNA415974,,415974,SRS2635462,SAMN07839296,simple,527639,wastewater metagenome,Sample_Sugar_Creek_UP_B_3,,,,,,,no,,,,,UNCC,SRA625636,,public,4CBEA63E281DB61BF8A9CAD80D2EB7F1,8A0DC21D468F7B6EFCAD6AEF7D132378
SRR6231166,2017-10-27 15:00:12,2017-10-27 14:36:48,22140786,5535196500,22140786,250,1776,,https://sra-downloadb.be-md.ncbi.nlm.nih.gov/sos12/sra-pub-zq-1214/SRR006/231/SRR6231166.sralite.1,SRX3339657,Library_57,WGS,PCR,METAGENOMIC,PAIRED,0,0,ILLUMINA,Illumina HiSeq 2500,SRP121672,PRJNA415974,,415974,SRS2635459,SAMN07839297,simple,527639,wastewater metagenome,Sample_Sugar_Creek_DS_A_3,,,,,,,no,,,,,UNCC,SRA625636,,public,8B6BFBA3EA75AD27B3CE4D092D52C0D6,14B7B57693D2D397B98171577A95AE93
SRR6231167,2017-10-27 15:02:12,2017-10-27 14:37:51,24497683,6124420750,24497683,250,1939,,https://sra-downloadb.be-md.ncbi.nlm.nih.gov/sos12/sra-pub-zq-1214/SRR006/231/SRR6231167.sralite.1,SRX3339656,Library_58,WGS,PCR,METAGENOMIC,PAIRED,0,0,ILLUMINA,Illumina HiSeq 2500,SRP121672,PRJNA415974,,415974,SRS2635460,SAMN07839298,simple,527639,wastewater metagenome,Sample_Mallard_Creek_INF_3,,,,,,,no,,,,,UNCC,SRA625636,,public,7D15112D708A7F6ED20470D1B701A64D,1FB81A35C6D231660C4E997A5D2E09D1
SRR6231168,2017-10-27 15:06:13,2017-10-27 14:40:21,22167972,5541993000,22167972,250,1789,,https://sra-downloadb.be-md.ncbi.nlm.nih.gov/sos12/sra-pub-zq-1214/SRR006/231/SRR6231168.sralite.1,SRX3339655,Library_51,WGS,PCR,METAGENOMIC,PAIRED,0,0,ILLUMINA,Illumina HiSeq 2500,SRP121672,PRJNA415974,,415974,SRS2635457,SAMN07839291,simple,527639,wastewater metagenome,Sample_Sugar_Creek_PCE_3,,,,,,,no,,,,,UNCC,SRA625636,,public,4D21D536D2D08717F0BDDA800CABC276,46DFD717E67B4DAFB78B20098EA0F127
SRR6231169,2017-10-27 15:06:13,2017-10-27 14:38:47,24786972,6196743000,24786972,250,1955,,https://sra-downloadb.be-md.ncbi.nlm.nih.gov/sos12/sra-pub-zq-1214/SRR006/231/SRR6231169.sralite.1,SRX3339654,Library_52,WGS,PCR,METAGENOMIC,PAIRED,0,0,ILLUMINA,Illumina HiSeq 2500,SRP121672,PRJNA415974,,415974,SRS2635458,SAMN07839292,simple,527639,wastewater metagenome,Sample_Sugar_Creek_INF_3,,,,,,,no,,,,,UNCC,SRA625636,,public,235A7891DCA96AC153C3867072C3767C,53ED20E2B757AB04730311E77A99F4AC
SRR6231170,2017-10-27 14:48:12,2017-10-27 14:36:08,21579316,5394829000,21579316,250,1744,,https://sra-downloadb.be-md.ncbi.nlm.nih.gov/sos12/sra-pub-zq-1214/SRR006/231/SRR6231170.sralite.1,SRX3339653,Library_53,WGS,PCR,METAGENOMIC,PAIRED,0,0,ILLUMINA,Illumina HiSeq 2500,SRP121672,PRJNA415974,,415974,SRS2635455,SAMN07839293,simple,527639,wastewater metagenome,Sample_Sugar_Creek_UV_3,,,,,,,no,,,,,UNCC,SRA625636,,public,D6DFC0EAFDDA3EAFA2FA65FEEF4EA931,A1C9395C68AD58E6D081A9AC488C07D8
SRR6231171,2017-10-27 15:02:12,2017-10-27 14:40:06,21261037,5315259250,21261037,250,1672,,https://sra-downloadb.be-md.ncbi.nlm.nih.gov/sos12/sra-pub-zq-1214/SRR006/231/SRR6231171.sralite.1,SRX3339652,Library_54,WGS,PCR,METAGENOMIC,PAIRED,0,0,ILLUMINA,Illumina HiSeq 2500,SRP121672,PRJNA415974,,415974,SRS2635456,SAMN07839294,simple,527639,wastewater metagenome,Sample_Sugar_Creek_ATE_3,,,,,,,no,,,,,UNCC,SRA625636,,public,E5DCF3883F4858D685A84CA48AA1D983,802D24B29208C977987F653BE45D393C
SRR6231172,2017-10-27 15:10:12,2017-10-27 14:40:06,27704096,6926024000,27704096,250,2229,,https://sra-downloadb.be-md.ncbi.nlm.nih.gov/sos12/sra-pub-zq-1214/SRR006/231/SRR6231172.sralite.1,SRX3339651,Library_70,WGS,PCR,METAGENOMIC,PAIRED,0,0,ILLUMINA,Illumina HiSeq 2500,SRP121672,PRJNA415974,,415974,SRS2635471,SAMN07839310,simple,527639,wastewater metagenome,Sample_Sugar_Creek_ATE_4,,,,,,,no,,,,,UNCC,SRA625636,,public,DFAB07ABE97F6F726CBE3612F4C73A82,46D4AFCC0F2F27734F3ED76925AE91B9
SRR6231173,2017-10-27 15:11:12,2017-10-27 14:40:44,29865338,7466334500,29865338,250,2359,,https://sra-downloadb.be-md.ncbi.nlm.nih.gov/sos12/sra-pub-zq-1214/SRR006/231/SRR6231173.sralite.1,SRX3339650,Library_69,WGS,PCR,METAGENOMIC,PAIRED,0,0,ILLUMINA,Illumina HiSeq 2500,SRP121672,PRJNA415974,,415974,SRS2635472,SAMN07839309,simple,527639,wastewater metagenome,Sample_Sugar_Creek_FCE_4,,,,,,,no,,,,,UNCC,SRA625636,,public,3A5CBFF312AB12BA740A7E8E54DC7D5C,51DF55DF87E37AC992068E10096E69BD
SRR6231174,2017-10-27 14:59:11,2017-10-27 14:37:52,22247024,5561756000,22247024,250,1739,,https://sra-downloadb.be-md.ncbi.nlm.nih.gov/sos12/sra-pub-zq-1214/SRR006/231/SRR6231174.sralite.1,SRX3339649,Library_62,WGS,PCR,METAGENOMIC,PAIRED,0,0,ILLUMINA,Illumina HiSeq 2500,SRP121672,PRJNA415974,,415974,SRS2635469,SAMN07839302,simple,527639,wastewater metagenome,Sample_Mallard_Creek_DS_B_3,,,,,,,no,,,,,UNCC,SRA625636,,public,7D45A02C732079273A8B97CB691B8464,A0E0DCE3A22841485D45A8A579EA8B52
SRR6231175,2017-10-27 14:58:12,2017-10-27 14:34:58,18607008,4651752000,18607008,250,1491,,https://sra-downloadb.be-md.ncbi.nlm.nih.gov/sos12/sra-pub-zq-1214/SRR006/231/SRR6231175.sralite.1,SRX3339648,Library_61,WGS,PCR,METAGENOMIC,PAIRED,0,0,ILLUMINA,Illumina HiSeq 2500,SRP121672,PRJNA415974,,415974,SRS2635470,SAMN07839301,simple,527639,wastewater metagenome,Sample_Mallard_Creek_FCE_3,,,,,,,no,,,,,UNCC,SRA625636,,public,E815C4592C4A32C4C5E7B7D0C9EAAB9E,C9100BF67710899CBEB7E46621C26B2A
SRR6231176,2017-10-27 15:21:13,2017-10-27 14:59:03,26827980,6706995000,26827980,250,2053,,https://sra-downloadb.be-md.ncbi.nlm.nih.gov/sos12/sra-pub-zq-1214/SRR006/231/SRR6231176.sralite.1,SRX3339647,Library_64,WGS,PCR,METAGENOMIC,PAIRED,0,0,ILLUMINA,Illumina HiSeq 2500,SRP121672,PRJNA415974,,415974,SRS2635467,SAMN07839304,simple,527639,wastewater metagenome,Sample_Sugar_Creek_HOSP_3,,,,,,,no,,,,,UNCC,SRA625636,,public,CB14DA562977C86CBAD8684A0735DD88,69F9523D5AB979E2C1A7FE872F0A2EBC
SRR6231177,2017-10-27 15:08:12,2017-10-27 14:46:39,22777433,5694358250,22777433,250,1796,,https://sra-downloadb.be-md.ncbi.nlm.nih.gov/sos12/sra-pub-zq-1214/SRR006/231/SRR6231177.sralite.1,SRX3339646,Library_63,WGS,PCR,METAGENOMIC,PAIRED,0,0,ILLUMINA,Illumina HiSeq 2500,SRP121672,PRJNA415974,,415974,SRS2635468,SAMN07839303,simple,527639,wastewater metagenome,Sample_Mallard_Creek_PCI_3,,,,,,,no,,,,,UNCC,SRA625636,,public,77225AAB6445CE67B8EB0BC4B81BA1BE,3E6CFB943276DD16A7721C179F8C9783
SRR6231178,2017-10-27 15:14:11,2017-10-27 14:48:18,25054985,6263746250,25054985,250,1940,,https://sra-downloadb.be-md.ncbi.nlm.nih.gov/sos12/sra-pub-zq-1214/SRR006/231/SRR6231178.sralite.1,SRX3339645,Library_66,WGS,PCR,METAGENOMIC,PAIRED,0,0,ILLUMINA,Illumina HiSeq 2500,SRP121672,PRJNA415974,,415974,SRS2635465,SAMN07839306,simple,527639,wastewater metagenome,Sample_Sugar_Creek_RES_3,,,,,,,no,,,,,UNCC,SRA625636,,public,68C64B4C6DA68C31BAF2A3C857017383,61B8B7755282D0C561E122B9466FB27B
SRR6231179,2017-10-27 14:51:12,2017-10-27 14:38:10,22379075,5594768750,22379075,250,1740,,https://sra-downloadb.be-md.ncbi.nlm.nih.gov/sos12/sra-pub-zq-1214/SRR006/231/SRR6231179.sralite.1,SRX3339644,Library_65,WGS,PCR,METAGENOMIC,PAIRED,0,0,ILLUMINA,Illumina HiSeq 2500,SRP121672,PRJNA415974,,415974,SRS2635466,SAMN07839305,simple,527639,wastewater metagenome,Sample_Mallard_Creek_RES_3,,,,,,,no,,,,,UNCC,SRA625636,,public,7A75339C38F777FD754DD6B4CBA2A783,7166079FE2B5C43ABA2FC6CFFB1587DE
SRR6231180,2017-10-27 14:48:12,2017-10-27 14:37:17,23259138,5814784500,23259138,250,1769,,https://sra-downloadb.be-md.ncbi.nlm.nih.gov/sos12/sra-pub-zq-1214/SRR006/231/SRR6231180.sralite.1,SRX3339643,Library_68,WGS,PCR,METAGENOMIC,PAIRED,0,0,ILLUMINA,Illumina HiSeq 2500,SRP121672,PRJNA415974,,415974,SRS2635463,SAMN07839308,simple,527639,wastewater metagenome,Sample_Sugar_Creek_UV_4,,,,,,,no,,,,,UNCC,SRA625636,,public,3B02071243E2DDC2C07C5A3688035859,35B392D4275C2121BC8E7801FB921FFC
SRR6231181,2017-10-27 14:46:12,2017-10-27 14:33:09,15375933,3843983250,15375933,250,1189,,https://sra-downloadb.be-md.ncbi.nlm.nih.gov/sos12/sra-pub-zq-1214/SRR006/231/SRR6231181.sralite.1,SRX3339642,Library_67,WGS,PCR,METAGENOMIC,PAIRED,0,0,ILLUMINA,Illumina HiSeq 2500,SRP121672,PRJNA415974,,415974,SRS2635464,SAMN07839307,simple,527639,wastewater metagenome,Sample_Sugar_Creek_UP_B_4,,,,,,,no,,,,,UNCC,SRA625636,,public,EC428FFCB4F51596715CD79E37393A76,54D8977F498EBE5027F03D54879CCBCD
SRR6231182,2017-10-27 15:14:11,2017-10-27 14:49:06,27715761,6928940250,27715761,250,2195,,https://sra-downloadb.be-md.ncbi.nlm.nih.gov/sos12/sra-pub-zq-1214/SRR006/231/SRR6231182.sralite.1,SRX3339641,Library_79,WGS,PCR,METAGENOMIC,PAIRED,0,0,ILLUMINA,Illumina HiSeq 2500,SRP121672,PRJNA415974,,415974,SRS2635481,SAMN07839319,simple,527639,wastewater metagenome,Sample_Mallard_Creek_ATE_4,,,,,,,no,,,,,UNCC,SRA625636,,public,A04F8454E1712E4223F8F45E85454249,3BDDEAECD29073F883E53193B108FA1B
SRR6231183,2017-10-27 14:58:12,2017-10-27 14:39:24,26672441,6668110250,26672441,250,2093,,https://sra-downloadb.be-md.ncbi.nlm.nih.gov/sos12/sra-pub-zq-1214/SRR006/231/SRR6231183.sralite.1,SRX3339640,Library_80,WGS,PCR,METAGENOMIC,PAIRED,0,0,ILLUMINA,Illumina HiSeq 2500,SRP121672,PRJNA415974,,415974,SRS2635482,SAMN07839320,simple,527639,wastewater metagenome,Sample_Mallard_Creek_PCI_4,,,,,,,no,,,,,UNCC,SRA625636,,public,51EC561876E7FDA675679A43D3B4BB0B,C193B81F9929CE4B67EDFCD085B88980
SRR6231184,2017-10-27 14:48:12,2017-10-27 14:37:00,21031655,5257913750,21031655,250,1643,,https://sra-downloadb.be-md.ncbi.nlm.nih.gov/sos12/sra-pub-zq-1214/SRR006/231/SRR6231184.sralite.1,SRX3339639,Library_73,WGS,PCR,METAGENOMIC,PAIRED,0,0,ILLUMINA,Illumina HiSeq 2500,SRP121672,PRJNA415974,,415974,SRS2635475,SAMN07839313,simple,527639,wastewater metagenome,Sample_Sugar_Creek_INF_4,,,,,,,no,,,,,UNCC,SRA625636,,public,6BE2302AAAE6E8DE9D9E72D902084A18,FC3E25C4340BF75763629E0B06FE6726
SRR6231185,2017-10-27 15:09:12,2017-10-27 14:42:57,26403748,6600937000,26403748,250,2071,,https://sra-downloadb.be-md.ncbi.nlm.nih.gov/sos12/sra-pub-zq-1214/SRR006/231/SRR6231185.sralite.1,SRX3339638,Library_74,WGS,PCR,METAGENOMIC,PAIRED,0,0,ILLUMINA,Illumina HiSeq 2500,SRP121672,PRJNA415974,,415974,SRS2635476,SAMN07839314,simple,527639,wastewater metagenome,Sample_Sugar_Creek_RES_4,,,,,,,no,,,,,UNCC,SRA625636,,public,0380B2BCCF8CB802236F0358DB94C852,1EEDA6E3DD63943B8DA28D5DD49A9E56
SRR6231186,2017-10-27 15:02:12,2017-10-27 14:39:09,22242520,5560630000,22242520,250,1761,,https://sra-downloadb.be-md.ncbi.nlm.nih.gov/sos12/sra-pub-zq-1214/SRR006/231/SRR6231186.sralite.1,SRX3339637,Library_71,WGS,PCR,METAGENOMIC,PAIRED,0,0,ILLUMINA,Illumina HiSeq 2500,SRP121672,PRJNA415974,,415974,SRS2635473,SAMN07839311,simple,527639,wastewater metagenome,Sample_Sugar_Creek_UP_A_4,,,,,,,no,,,,,UNCC,SRA625636,,public,703D7FEB62C1EBB7B2970CE2D7535295,9521D01B80BFFE855C3B3EC2859089F6
SRR6231187,2017-10-27 15:00:12,2017-10-27 14:42:12,26810904,6702726000,26810904,250,2098,,https://sra-downloadb.be-md.ncbi.nlm.nih.gov/sos12/sra-pub-zq-1214/SRR006/231/SRR6231187.sralite.1,SRX3339636,Library_72,WGS,PCR,METAGENOMIC,PAIRED,0,0,ILLUMINA,Illumina HiSeq 2500,SRP121672,PRJNA415974,,415974,SRS2635474,SAMN07839312,simple,527639,wastewater metagenome,Sample_Sugar_Creek_PCE_4,,,,,,,no,,,,,UNCC,SRA625636,,public,D0455E326E89647B7BCBD716DA70E602,655FEE044C5AC77719B49693F0794155
SRR6231188,2017-10-27 15:09:12,2017-10-27 14:44:19,30863982,7715995500,30863982,250,2466,,https://sra-downloadb.be-md.ncbi.nlm.nih.gov/sos12/sra-pub-zq-1214/SRR006/231/SRR6231188.sralite.1,SRX3339635,Library_77,WGS,PCR,METAGENOMIC,PAIRED,0,0,ILLUMINA,Illumina HiSeq 2500,SRP121672,PRJNA415974,,415974,SRS2635479,SAMN07839317,simple,527639,wastewater metagenome,Sample_Mallard_Creek_FCE_4,,,,,,,no,,,,,UNCC,SRA625636,,public,EAFEF0C9C2AC56CFA9CA5040017B7AE9,79169059A1C7AB8222A8A15F0821DFD6
SRR6231189,2017-10-27 15:14:11,2017-10-27 14:44:46,28200017,7050004250,28200017,250,2243,,https://sra-downloadb.be-md.ncbi.nlm.nih.gov/sos12/sra-pub-zq-1214/SRR006/231/SRR6231189.sralite.1,SRX3339634,Library_78,WGS,PCR,METAGENOMIC,PAIRED,0,0,ILLUMINA,Illumina HiSeq 2500,SRP121672,PRJNA415974,,415974,SRS2635480,SAMN07839318,simple,527639,wastewater metagenome,Sample_Mallard_Creek_DS_B_4,,,,,,,no,,,,,UNCC,SRA625636,,public,BA3C61C8450298125019533B90124F0D,C5C8449607E7704D03B73F0B3A5CC259
SRR6231190,2017-10-27 15:10:11,2017-10-27 14:43:25,26965117,6741279250,26965117,250,2110,,https://sra-downloadb.be-md.ncbi.nlm.nih.gov/sos12/sra-pub-zq-1214/SRR006/231/SRR6231190.sralite.1,SRX3339633,Library_75,WGS,PCR,METAGENOMIC,PAIRED,0,0,ILLUMINA,Illumina HiSeq 2500,SRP121672,PRJNA415974,,415974,SRS2635477,SAMN07839315,simple,527639,wastewater metagenome,Sample_Sugar_Creek_HOSP_4,,,,,,,no,,,,,UNCC,SRA625636,,public,B9E22DEC3422B2824063A80D6C6E0250,9B9A82251F432D2B291736CADC021D0D
SRR6231191,2017-10-27 15:12:24,2017-10-27 14:44:46,28073637,7018409250,28073637,250,2177,,https://sra-downloadb.be-md.ncbi.nlm.nih.gov/sos12/sra-pub-zq-1214/SRR006/231/SRR6231191.sralite.1,SRX3339632,Library_76,WGS,PCR,METAGENOMIC,PAIRED,0,0,ILLUMINA,Illumina HiSeq 2500,SRP121672,PRJNA415974,,415974,SRS2635478,SAMN07839316,simple,527639,wastewater metagenome,Sample_Mallard_Creek_INF_4,,,,,,,no,,,,,UNCC,SRA625636,,public,178944788D9D4D3A3DBAA191419710CA,608DFFB88D10B6A9B8D6E655F49E171B
SRR6231192,2017-10-27 15:08:12,2017-10-27 14:42:36,21964845,5491211250,21964845,250,1773,,https://sra-downloadb.be-md.ncbi.nlm.nih.gov/sos12/sra-pub-zq-1214/SRR006/231/SRR6231192.sralite.1,SRX3339631,Library_19,WGS,PCR,METAGENOMIC,PAIRED,0,0,ILLUMINA,Illumina HiSeq 2500,SRP121672,PRJNA415974,,415974,SRS2635510,SAMN07839259,simple,527639,wastewater metagenome,Sample_Mallard_Creek_ATE_3,,,,,,,no,,,,,UNCC,SRA625636,,public,D033DB9D685925F18C0654BB8017D089,1509F1A92EFC7E861AF5C3BD543F2450
SRR6231193,2017-10-27 14:54:11,2017-10-27 14:39:14,16207584,4051896000,16207584,250,1320,,https://sra-downloadb.be-md.ncbi.nlm.nih.gov/sos12/sra-pub-zq-1214/SRR006/231/SRR6231193.sralite.1,SRX3339630,Library_20,WGS,PCR,METAGENOMIC,PAIRED,0,0,ILLUMINA,Illumina HiSeq 2500,SRP121672,PRJNA415974,,415974,SRS2635512,SAMN07839260,simple,527639,wastewater metagenome,Sample_Sugar_Creek_FCE_2,,,,,,,no,,,,,UNCC,SRA625636,,public,C4CE9EB9B29453590E0444F26370E110,90EBAF83E8250C18ABE3445D0E3E4D70
SRR6231194,2017-10-27 14:58:12,2017-10-27 14:39:17,15870592,3967648000,15870592,250,1242,,https://sra-downloadb.be-md.ncbi.nlm.nih.gov/sos12/sra-pub-zq-1214/SRR006/231/SRR6231194.sralite.1,SRX3339629,Library_11,WGS,PCR,METAGENOMIC,PAIRED,0,0,ILLUMINA,Illumina HiSeq 2500,SRP121672,PRJNA415974,,415974,SRS2635509,SAMN07839251,simple,527639,wastewater metagenome,Sample_Sugar_Creek_RES_2,,,,,,,no,,,,,UNCC,SRA625636,,public,3206DC3BC25CF4A4B33D2B3930B8EF81,6485538DF1067B559E01DCBD49416A77
SRR6231195,2017-10-27 14:56:20,2017-10-27 14:39:16,16669600,4167400000,16669600,250,1315,,https://sra-downloadb.be-md.ncbi.nlm.nih.gov/sos12/sra-pub-zq-1214/SRR006/231/SRR6231195.sralite.1,SRX3339628,Library_12,WGS,PCR,METAGENOMIC,PAIRED,0,0,ILLUMINA,Illumina HiSeq 2500,SRP121672,PRJNA415974,,415974,SRS2635511,SAMN07839252,simple,527639,wastewater metagenome,Sample_Sugar_Creek_INF_2,,,,,,,no,,,,,UNCC,SRA625636,,public,C88801F0B63DF2D9560AF7E3BA0B8F52,01F9DD7D355E4BF03D5D0C66440A8A36
SRR6231196,2017-10-27 15:00:12,2017-10-27 14:42:47,17221213,4305303250,17221213,250,1389,,https://sra-downloadb.be-md.ncbi.nlm.nih.gov/sos12/sra-pub-zq-1214/SRR006/231/SRR6231196.sralite.1,SRX3339627,Library_13,WGS,PCR,METAGENOMIC,PAIRED,0,0,ILLUMINA,Illumina HiSeq 2500,SRP121672,PRJNA415974,,415974,SRS2635507,SAMN07839253,simple,527639,wastewater metagenome,Sample_Sugar_Creek_ATE_2,,,,,,,no,,,,,UNCC,SRA625636,,public,3E5341D833A34DA2D6BC4B775995C1E4,1B422A966348CCB6812767347D45050E
SRR6231197,2017-10-27 14:58:11,2017-10-27 14:47:23,16636033,4159008250,16636033,250,1326,,https://sra-downloadb.be-md.ncbi.nlm.nih.gov/sos12/sra-pub-zq-1214/SRR006/231/SRR6231197.sralite.1,SRX3339626,Library_14,WGS,PCR,METAGENOMIC,PAIRED,0,0,ILLUMINA,Illumina HiSeq 2500,SRP121672,PRJNA415974,,415974,SRS2635508,SAMN07839254,simple,527639,wastewater metagenome,Sample_Sugar_Creek_DS_B_2,,,,,,,no,,,,,UNCC,SRA625636,,public,747575FA340CE04F2D90A754968CE2AC,4BB18E9675EAF649C00843D9C1476FF5
SRR6231198,2017-10-27 15:02:12,2017-10-27 14:41:45,19175274,4793818500,19175274,250,1534,,https://sra-downloadb.be-md.ncbi.nlm.nih.gov/sos12/sra-pub-zq-1214/SRR006/231/SRR6231198.sralite.1,SRX3339625,Library_15,WGS,PCR,METAGENOMIC,PAIRED,0,0,ILLUMINA,Illumina HiSeq 2500,SRP121672,PRJNA415974,,415974,SRS2635505,SAMN07839255,simple,527639,wastewater metagenome,Sample_Sugar_Creek_UP_A_2,,,,,,,no,,,,,UNCC,SRA625636,,public,C9C2D251E539994DD6854CEAD61478A9,F1385615975AAE5C60923D64660B952E
SRR6231199,2017-10-27 14:46:12,2017-10-27 14:43:04,21811170,5452792500,21811170,250,1747,,https://sra-downloadb.be-md.ncbi.nlm.nih.gov/sos12/sra-pub-zq-1214/SRR006/231/SRR6231199.sralite.1,SRX3339624,Library_16,WGS,PCR,METAGENOMIC,PAIRED,0,0,ILLUMINA,Illumina HiSeq 2500,SRP121672,PRJNA415974,,415974,SRS2635506,SAMN07839256,simple,527639,wastewater metagenome,Sample_Mallard_Creek_RES_2,,,,,,,no,,,,,UNCC,SRA625636,,public,A787771DCC32DF171F8BD84AB1B38DE8,FE3C6937F53FB2ABB066B2A410E360DD
SRR6231200,2017-10-27 15:03:12,2017-10-27 14:41:36,18380459,4595114750,18380459,250,1457,,https://sra-downloadb.be-md.ncbi.nlm.nih.gov/sos12/sra-pub-zq-1214/SRR006/231/SRR6231200.sralite.1,SRX3339623,Library_17,WGS,PCR,METAGENOMIC,PAIRED,0,0,ILLUMINA,Illumina HiSeq 2500,SRP121672,PRJNA415974,,415974,SRS2635503,SAMN07839257,simple,527639,wastewater metagenome,Sample_Sugar_Creek_PCE_2,,,,,,,no,,,,,UNCC,SRA625636,,public,0F178F302D5DB961ADC7B99897CDE2A0,3A705E2BCE35265914CFBA2ACBC04298
SRR6231201,2017-10-27 15:02:12,2017-10-27 14:41:38,16398072,4099518000,16398072,250,1327,,https://sra-downloadb.be-md.ncbi.nlm.nih.gov/sos12/sra-pub-zq-1214/SRR006/231/SRR6231201.sralite.1,SRX3339622,Library_18,WGS,PCR,METAGENOMIC,PAIRED,0,0,ILLUMINA,Illumina HiSeq 2500,SRP121672,PRJNA415974,,415974,SRS2635504,SAMN07839258,simple,527639,wastewater metagenome,Sample_Sugar_Creek_HOSP_2,,,,,,,no,,,,,UNCC,SRA625636,,public,75100B0AB937424D99DAB84F51270626,06F0D82B6BBCCD9D8E77066C8A9E1D23
SRR6231202,2017-10-27 15:11:12,2017-10-27 14:45:38,22852893,5713223250,22852893,250,1882,,https://sra-downloadb.be-md.ncbi.nlm.nih.gov/sos12/sra-pub-zq-1214/SRR006/231/SRR6231202.sralite.1,SRX3339621,Library_9,WGS,PCR,METAGENOMIC,PAIRED,0,0,ILLUMINA,Illumina HiSeq 2500,SRP121672,PRJNA415974,,415974,SRS2635500,SAMN07839249,simple,527639,wastewater metagenome,Sample_Mallard_Creek_UP_A_2,,,,,,,no,,,,,UNCC,SRA625636,,public,AAD9B24D986E58A2AD6DF6886C4B2B85,338F82855BCEFD760D7C4837A362BB0E
SRR6231203,2017-10-27 15:19:29,2017-10-27 14:48:53,26835037,6708759250,26835037,250,2208,,https://sra-downloadb.be-md.ncbi.nlm.nih.gov/sos12/sra-pub-zq-1214/SRR006/231/SRR6231203.sralite.1,SRX3339620,Library_10,WGS,PCR,METAGENOMIC,PAIRED,0,0,ILLUMINA,Illumina HiSeq 2500,SRP121672,PRJNA415974,,415974,SRS2635502,SAMN07839250,simple,527639,wastewater metagenome,Sample_Sugar_Creek_UV_2,,,,,,,no,,,,,UNCC,SRA625636,,public,6422AE9F41419F3B231417E9B450DA8D,260DD41685461B926D06ED84330563FF
SRR6231204,2017-10-27 15:21:13,2017-10-27 14:47:01,25542073,6385518250,25542073,250,2116,,https://sra-downloadb.be-md.ncbi.nlm.nih.gov/sos12/sra-pub-zq-1214/SRR006/231/SRR6231204.sralite.1,SRX3339619,Library_5,WGS,PCR,METAGENOMIC,PAIRED,0,0,ILLUMINA,Illumina HiSeq 2500,SRP121672,PRJNA415974,,415974,SRS2635496,SAMN07839245,simple,527639,wastewater metagenome,Sample_Mallard_Creek_FCE_2,,,,,,,no,,,,,UNCC,SRA625636,,public,EDA6639FD9DDFF8DAD94CD6882A47B33,10128488F3B0BD5697C1EB8A6BBA1FA5
SRR6231205,2017-10-27 15:17:27,2017-10-27 14:46:11,25759301,6439825250,25759301,250,2136,,https://sra-downloadb.be-md.ncbi.nlm.nih.gov/sos12/sra-pub-zq-1214/SRR006/231/SRR6231205.sralite.1,SRX3339618,Library_6,WGS,PCR,METAGENOMIC,PAIRED,0,0,ILLUMINA,Illumina HiSeq 2500,SRP121672,PRJNA415974,,415974,SRS2635492,SAMN07839246,simple,527639,wastewater metagenome,Sample_Mallard_Creek_DS_B_2,,,,,,,no,,,,,UNCC,SRA625636,,public,7307CBEC29CD9D0D5737B354512BBA4B,1275330D4465A05B23D7F254EBE6FB14
SRR6231206,2017-10-27 15:04:12,2017-10-27 14:47:29,19806365,4951591250,19806365,250,1661,,https://sra-downloadb.be-md.ncbi.nlm.nih.gov/sos12/sra-pub-zq-1214/SRR006/231/SRR6231206.sralite.1,SRX3339617,Library_7,WGS,PCR,METAGENOMIC,PAIRED,0,0,ILLUMINA,Illumina HiSeq 2500,SRP121672,PRJNA415974,,415974,SRS2635494,SAMN07839247,simple,527639,wastewater metagenome,Sample_Mallard_Creek_DS_A_2,,,,,,,no,,,,,UNCC,SRA625636,,public,99C50D8FAD2AA138DEA4D689520E1D42,1A2A7DC30698290B5A54A726AFFB9604
SRR6231207,2017-10-27 15:06:13,2017-10-27 14:47:50,18729489,4682372250,18729489,250,1556,,https://sra-downloadb.be-md.ncbi.nlm.nih.gov/sos12/sra-pub-zq-1214/SRR006/231/SRR6231207.sralite.1,SRX3339616,Library_8,WGS,PCR,METAGENOMIC,PAIRED,0,0,ILLUMINA,Illumina HiSeq 2500,SRP121672,PRJNA415974,,415974,SRS2635495,SAMN07839248,simple,527639,wastewater metagenome,Sample_Mallard_Creek_UP_B_2,,,,,,,no,,,,,UNCC,SRA625636,,public,2271F4ACCA50AE4211D5B0E07AA6571C,B4BE5064152CC96248CD79CFD9FD0C77
SRR6231208,2017-10-27 15:08:12,2017-10-27 14:48:25,19025157,4756289250,19025157,250,1602,,https://sra-downloadb.be-md.ncbi.nlm.nih.gov/sos12/sra-pub-zq-1214/SRR006/231/SRR6231208.sralite.1,SRX3339615,Library_1,WGS,PCR,METAGENOMIC,PAIRED,0,0,ILLUMINA,Illumina HiSeq 2500,SRP121672,PRJNA415974,,415974,SRS2635498,SAMN07839241,simple,527639,wastewater metagenome,Sample_Mallard_Creek_PCI_2,,,,,,,no,,,,,UNCC,SRA625636,,public,9E4CB6BE443D446CFA3EF23FA91758CF,E670E541E9B403FA4DD4643EA5FCB2AC
SRR6231209,2017-10-27 15:15:11,2017-10-27 14:54:40,28283399,7070849750,28283399,250,2346,,https://sra-downloadb.be-md.ncbi.nlm.nih.gov/sos12/sra-pub-zq-1214/SRR006/231/SRR6231209.sralite.1,SRX3339614,Library_2,WGS,PCR,METAGENOMIC,PAIRED,0,0,ILLUMINA,Illumina HiSeq 2500,SRP121672,PRJNA415974,,415974,SRS2635497,SAMN07839242,simple,527639,wastewater metagenome,Sample_Mallard_Creek_HOSP_2,,,,,,,no,,,,,UNCC,SRA625636,,public,F882BF946F4E9627517A632FADCCD122,3A87698965D0FCCF55EFFC7F5A8E6099
SRR6231210,2017-10-27 15:19:29,2017-10-27 14:52:55,26192469,6548117250,26192469,250,2237,,https://sra-downloadb.be-md.ncbi.nlm.nih.gov/sos12/sra-pub-zq-1214/SRR006/231/SRR6231210.sralite.1,SRX3339613,Library_3,WGS,PCR,METAGENOMIC,PAIRED,0,0,ILLUMINA,Illumina HiSeq 2500,SRP121672,PRJNA415974,,415974,SRS2635499,SAMN07839243,simple,527639,wastewater metagenome,Sample_Mallard_Creek_ATE_2,,,,,,,no,,,,,UNCC,SRA625636,,public,5C101438C637B23822D68F795FDB8DF1,1887F87EB90233C3A70C9EBF7EBA2551
SRR6231211,2017-10-27 15:12:24,2017-10-27 14:51:04,23281317,5820329250,23281317,250,1937,,https://sra-downloadb.be-md.ncbi.nlm.nih.gov/sos12/sra-pub-zq-1214/SRR006/231/SRR6231211.sralite.1,SRX3339612,Library_4,WGS,PCR,METAGENOMIC,PAIRED,0,0,ILLUMINA,Illumina HiSeq 2500,SRP121672,PRJNA415974,,415974,SRS2635501,SAMN07839244,simple,527639,wastewater metagenome,Sample_Mallard_Creek_PCE_2,,,,,,,no,,,,,UNCC,SRA625636,,public,1106CCF74C8320CF24C62ACFB91AEE0C,5FE6483A3A8E9C6EA5541AE54A359511
SRR6231212,2017-10-27 15:07:11,2017-10-27 14:49:58,20495457,5123864250,20495457,250,1517,,https://sra-downloadb.be-md.ncbi.nlm.nih.gov/sos12/sra-pub-zq-1214/SRR006/231/SRR6231212.sralite.1,SRX3339611,Library_88,WGS,PCR,METAGENOMIC,PAIRED,0,0,ILLUMINA,Illumina HiSeq 2500,SRP121672,PRJNA415974,,415974,SRS2635487,SAMN07839328,simple,527639,wastewater metagenome,Sample_Sugar_Creek_DS_A_4,,,,,,,no,,,,,UNCC,SRA625636,,public,89C513235749966077AC2E0FE28A39AE,D31CAA0E2096D776CA585A705AEF48CA
SRR6231213,2017-10-27 15:15:11,2017-10-27 14:59:08,29986658,7496664500,29986658,250,2388,,https://sra-downloadb.be-md.ncbi.nlm.nih.gov/sos12/sra-pub-zq-1214/SRR006/231/SRR6231213.sralite.1,SRX3339610,Library_87,WGS,PCR,METAGENOMIC,PAIRED,0,0,ILLUMINA,Illumina HiSeq 2500,SRP121672,PRJNA415974,,415974,SRS2635488,SAMN07839327,simple,527639,wastewater metagenome,Sample_Mallard_Creek_HOSP_4,,,,,,,no,,,,,UNCC,SRA625636,,public,C42936C83FEC5D7CF027818D87704DAF,6DFE722962A355979A3C0571E9D9FFE7
SRR6231214,2017-10-27 15:12:24,2017-10-27 14:52:29,24067957,6016989250,24067957,250,1903,,https://sra-downloadb.be-md.ncbi.nlm.nih.gov/sos12/sra-pub-zq-1214/SRR006/231/SRR6231214.sralite.1,SRX3339609,Library_86,WGS,PCR,METAGENOMIC,PAIRED,0,0,ILLUMINA,Illumina HiSeq 2500,SRP121672,PRJNA415974,,415974,SRS2635485,SAMN07839326,simple,527639,wastewater metagenome,Sample_Mallard_Creek_RES_4,,,,,,,no,,,,,UNCC,SRA625636,,public,3ABCE6CC06FA6D428825B72B43A193D2,0CDDD87E70CE17BF587986BF4816CD97
SRR6231215,2017-10-27 15:06:13,2017-10-27 14:49:54,18560933,4640233250,18560933,250,1381,,https://sra-downloadb.be-md.ncbi.nlm.nih.gov/sos12/sra-pub-zq-1214/SRR006/231/SRR6231215.sralite.1,SRX3339608,Library_85,WGS,PCR,METAGENOMIC,PAIRED,0,0,ILLUMINA,Illumina HiSeq 2500,SRP121672,PRJNA415974,,415974,SRS2635486,SAMN07839325,simple,527639,wastewater metagenome,Sample_Sugar_Creek_DS_B_4,,,,,,,no,,,,,UNCC,SRA625636,,public,7B1AA22606F6415B86C0F731753EB100,0A09613671F7C600DA6D291F9FCB515C
SRR6231216,2017-10-27 15:19:29,2017-10-27 14:53:23,24944001,6236000250,24944001,250,1996,,https://sra-downloadb.be-md.ncbi.nlm.nih.gov/sos12/sra-pub-zq-1214/SRR006/231/SRR6231216.sralite.1,SRX3339607,Library_84,WGS,PCR,METAGENOMIC,PAIRED,0,0,ILLUMINA,Illumina HiSeq 2500,SRP121672,PRJNA415974,,415974,SRS2635491,SAMN07839324,simple,527639,wastewater metagenome,Sample_Mallard_Creek_DS_A_4,,,,,,,no,,,,,UNCC,SRA625636,,public,60EBD033C8A19B826E8A37F3C61872A6,F3856D3499B2AD84321E64B32249C672
SRR6231217,2017-10-27 15:15:11,2017-10-27 14:53:58,26183846,6545961500,26183846,250,2082,,https://sra-downloadb.be-md.ncbi.nlm.nih.gov/sos12/sra-pub-zq-1214/SRR006/231/SRR6231217.sralite.1,SRX3339606,Library_83,WGS,PCR,METAGENOMIC,PAIRED,0,0,ILLUMINA,Illumina HiSeq 2500,SRP121672,PRJNA415974,,415974,SRS2635493,SAMN07839323,simple,527639,wastewater metagenome,Sample_Mallard_Creek_UP_B_4,,,,,,,no,,,,,UNCC,SRA625636,,public,DB32652A0B0314544A18828EE1BCEC4E,466F464273B86ED47C26BD2A79776FE0
SRR6231218,2017-10-27 15:18:27,2017-10-27 14:53:41,25416059,6354014750,25416059,250,2031,,https://sra-downloadb.be-md.ncbi.nlm.nih.gov/sos12/sra-pub-zq-1214/SRR006/231/SRR6231218.sralite.1,SRX3339605,Library_82,WGS,PCR,METAGENOMIC,PAIRED,0,0,ILLUMINA,Illumina HiSeq 2500,SRP121672,PRJNA415974,,415974,SRS2635489,SAMN07839322,simple,527639,wastewater metagenome,Sample_Mallard_Creek_UP_A_4,,,,,,,no,,,,,UNCC,SRA625636,,public,B3C52349148171141977C9C0A3E60228,1EFA6249813B3BC60EDCA17437BDB68F
SRR6231219,2017-10-27 15:15:11,2017-10-27 14:55:47,29429653,7357413250,29429653,250,2312,,https://sra-downloadb.be-md.ncbi.nlm.nih.gov/sos12/sra-pub-zq-1214/SRR006/231/SRR6231219.sralite.1,SRX3339604,Library_81,WGS,PCR,METAGENOMIC,PAIRED,0,0,ILLUMINA,Illumina HiSeq 2500,SRP121672,PRJNA415974,,415974,SRS2635490,SAMN07839321,simple,527639,wastewater metagenome,Sample_Mallard_Creek_PCE_4,,,,,,,no,,,,,UNCC,SRA625636,,public,1222320C07FCA90FC3F7E3A4D3A9B2EC,DC4670935900AFC18FD7932523547C3C
SRR6231220,2017-10-27 15:14:11,2017-10-27 14:54:14,26020493,6505123250,26020493,250,2108,,https://sra-downloadb.be-md.ncbi.nlm.nih.gov/sos12/sra-pub-zq-1214/SRR006/231/SRR6231220.sralite.1,SRX3339603,Library_90,WGS,PCR,METAGENOMIC,PAIRED,0,0,ILLUMINA,Illumina HiSeq 2500,SRP121672,PRJNA415974,,415974,SRS2635483,SAMN07839330,simple,527639,wastewater metagenome,Sample_Uwharrie_Control_UW_B_4,,,,,,,no,,,,,UNCC,SRA625636,,public,B463AA5233C09373948A0A4941C3E9D9,6AA09F1CB2B31DAC38DB574962623093
SRR6231221,2017-10-27 15:14:11,2017-10-27 14:56:27,27894215,6973553750,27894215,250,2252,,https://sra-downloadb.be-md.ncbi.nlm.nih.gov/sos12/sra-pub-zq-1214/SRR006/231/SRR6231221.sralite.1,SRX3339602,Library_89,WGS,PCR,METAGENOMIC,PAIRED,0,0,ILLUMINA,Illumina HiSeq 2500,SRP121672,PRJNA415974,,415974,SRS2635484,SAMN07839329,simple,527639,wastewater metagenome,Sample_Mountain_Control_MNT_B_4,,,,,,,no,,,,,UNCC,SRA625636,,public,F68F9EABAD1D41987A2D3E44D2E59C17,8C9F45CD93AD6E5AC456038F59EAFF76
