Assembly	SRR6231217
# contigs (>= 0 bp)	81609
# contigs (>= 1000 bp)	81609
# contigs (>= 5000 bp)	3648
# contigs (>= 10000 bp)	918
# contigs (>= 25000 bp)	114
# contigs (>= 50000 bp)	21
Total length (>= 0 bp)	166240338
Total length (>= 1000 bp)	166240338
Total length (>= 5000 bp)	34561682
Total length (>= 10000 bp)	16191240
Total length (>= 25000 bp)	4911347
Total length (>= 50000 bp)	1870444
# contigs	81609
Largest contig	246192
Total length	166240338
GC (%)	52.61
N50	2065
N90	1118
auN	5364.8
L50	20146
L90	65858
# N's per 100 kbp	0.00
